Feature_1,Feature_2,Label
0.0,0.0,0.0
-0.0001881247410592099,0.0009831643228913522,0.0
0.0011657787977001177,0.0016275662231850635,0.0
-0.0005467031447808727,0.00295281945054752,0.0
0.0009478649395043147,0.003890192812771441,0.0
0.0033028314876772354,0.003760502528138085,0.0
-0.0018817208556278471,0.005703615937778018,0.0
0.00026623929446697347,0.007001947145924984,0.0
0.0019139936164445214,0.0077759128526836,0.0
-0.004891549149831991,0.007565381037276538,0.0
0.0007078911270776259,0.009984948199800807,0.0
0.0010759304310499402,0.010958318173522177,0.0
-0.0025130101393131764,0.011746199922376174,0.0
0.009590344639705123,0.008795669239377139,0.0
0.012541161143821705,0.006253948029019578,0.0
0.002794055255928858,0.014752760118972405,0.0
0.010021918092083247,0.012492955086001711,0.0
-0.012711112358710232,0.011313995349198736,0.0
0.012388932109965618,0.013082940589648978,0.0
0.014470619353235169,0.0123419714786408,0.0
-0.006092298516737234,0.0190705296304262,0.0
0.012195283838892196,0.017121868380964224,0.0
0.015325372769353385,0.015814626249734284,0.0
-0.01487526303412227,0.017572311708603502,0.0
0.01982785903372643,0.013565018851647667,0.0
-0.002596856780769972,0.024889921903519456,0.0
0.011317952607466479,0.023436253529148528,0.0
0.013990969025080303,0.023123861607847705,0.0
0.006522888729994595,0.02725843498361625,0.0
0.01532005384247429,0.02465726012013295,0.0
0.027573963010038754,0.011894505770544647,0.0
0.018972321854936042,0.02455556739889199,0.0
0.007158842462497476,0.031221820105469013,0.0
0.007698341954504756,0.032123461869994076,0.0
0.005646336441471095,0.03356239498932551,0.0
-0.026382941238865656,0.023051986714656383,0.0
0.019766681536468135,0.030130950768708534,0.0
-0.010969890171569543,0.0353751837042093,0.0
0.037730856160112194,-0.004824399569703212,0.0
0.013562996669382914,0.03660726280996603,0.0
-0.024736594017879865,0.03148500790539205,0.0
0.009275814657775513,0.03997907342806999,0.0
0.013547670483755088,0.03979942114564509,0.0
0.02963541207159604,0.031216116122156447,0.0
0.008004002503301341,0.04331066565732784,0.0
-0.0043781476284371935,0.04483177340295325,0.0
-0.02844006011063466,0.03621327570626662,0.0
0.04345475127016218,0.018030785559575525,0.0
0.006928641874645317,0.04754586041918313,0.0
-0.003134773790025563,0.048948773282906574,0.0
0.0181312215816862,0.04665046960072654,0.0
0.02128117967213654,0.046403892133949964,0.0
-0.005081034814561953,0.05180346714306626,0.0
0.020450358719602824,0.04895313336743243,0.0
0.035567695987832645,0.04070355957156217,0.0
0.018898380743827548,0.05170986648964075,0.0
-0.018789493853213303,0.05281322127365229,0.0
0.041750768919359985,0.038889343715913606,0.0
0.02223476123733275,0.053631646424398015,0.0
0.058288197617301286,0.00951096606385804,0.0
0.03655867919258655,0.04765158748784306,0.0
0.060499761766718285,0.008260266586070878,0.0
0.0010516904434128053,0.06205315056148622,0.0
0.04908848281213516,0.039588770858648537,0.0
0.05444457386088339,0.033763777654630386,0.0
0.022027973445389953,0.061222798676721285,0.0
0.003915784048213695,0.0659499182769286,0.0
0.03654399542169823,0.056236357310883604,0.0
0.02197810297902497,0.06442223901699258,0.0
0.06117003153720225,0.032074344012084095,0.0
0.06991894572638839,0.004599537817529672,0.0
0.04109094871563252,0.05798819773745769,0.0
0.07194997159888995,-0.004193466308542458,0.0
0.04765535719314283,0.05539531513708219,0.0
0.04627398347830202,0.05784191303009647,0.0
0.07330116855046565,0.016223612010412045,0.0
0.026286115551830434,0.07139054195289972,0.0
0.0647645684472878,0.04179026782137506,0.0
0.0682649032359511,0.037895768399026974,0.0
0.07707446401001058,-0.01769259013160097,0.0
0.07920132714691783,0.011830849665131163,0.0
0.07797087903787388,0.022241486716001842,0.0
0.046496649022016834,0.06764266278505777,0.0
0.01134707167444209,0.08230457252793165,0.0
0.06801039429685972,0.04944410443971043,0.0
0.06192999076134426,0.05834507646953582,0.0
0.050293587227261155,0.06986679684538928,0.0
0.07850986156284841,0.03768769526909636,0.0
0.07726441486027756,0.04230509968447878,0.0
0.06949228455576785,0.05574664278630456,0.0
0.07150741753231496,0.05479884643219895,0.0
0.08269283086247359,0.038203175262218586,0.0
0.07716571290961619,0.05026336814270474,0.0
0.09305398447429954,0.0026981391913907453,0.0
0.020636658997589413,0.09180319628861212,0.0
0.09314199738988783,0.019174082334424875,0.0
0.09609608763815783,4.0318105411115216e-05,0.0
0.0818981693277066,0.05215875885652764,0.0
0.0742794414206322,0.06407652793888685,0.0
0.08819451241092809,0.04519247086464423,0.0
0.07943666265637538,0.0609085106209902,0.0
0.05023660172111067,0.08773663141111336,0.0
0.06807500066864185,0.07609621237376073,0.0
0.09565119882720145,0.0384850364740412,0.0
0.0460154152824463,0.09338225767083463,0.0
0.09881799005635909,0.035806255883246284,0.0
0.050561684550758434,0.09328462793188298,0.0
0.10672994785469077,-0.0089805692352045,0.0
0.07806185535395739,0.07479110760920864,0.0
0.09126050698974761,0.059802320645253426,0.0
0.107619612814876,0.023286375545300074,0.0
0.049064266969974235,0.09969140744840937,0.0
0.07680993992621778,0.08166614237717863,0.0
0.04734259755239811,0.10272903589118118,0.0
0.10326479994730499,0.048563485582195774,0.0
0.09657002260801811,0.06265557007523812,0.0
0.08182535386164869,0.08238667299574205,0.0
0.1170793269736058,0.002974948273840719,0.0
0.08625456647461745,-0.08069720930764274,0.0
0.061740883109837316,0.10186966129585537,0.0
0.09796868920137722,-0.06950524580084615,0.0
0.11179293408798588,0.0466118640437876,0.0
0.08696025566893988,-0.08574221040772811,0.0
0.1227714935163131,-0.00929859276265103,0.0
-0.024914731918746713,-0.12159792071823415,0.0
0.11998704457366088,0.035488111700350274,0.0
0.10202756621507797,0.074149682560422,0.0
0.12697964792374278,-0.006121720735141928,0.0
0.10697355492535877,0.07052287404983767,0.0
0.11363925997271393,0.06132251285214302,0.0
0.10272629293083833,0.07988216013837006,0.0
0.09744212613258921,0.08775195500095985,0.0
0.10803453647777192,0.0760752211289339,0.0
0.12734140203635594,-0.038840680545784906,0.0
0.1260951816497835,-0.04573807062636101,0.0
0.09712234805147854,0.09396145090918241,0.0
0.1347501227783031,0.019376583117485704,0.0
0.06858107960133782,0.11875702043620377,0.0
0.1374120599553886,0.014144645173634493,0.0
0.1316500452357006,0.045032939386838985,0.0
0.13825339787362306,0.022918482822730537,0.0
0.07299415624216378,0.12080014435884631,0.0
0.11657390472610438,0.08133211733175325,0.0
0.13768845745944616,0.03913883124643166,0.0
0.14360640156838242,0.012439281314782478,0.0
0.14028494010008757,0.03724578822256411,0.0
0.14083662528786417,-0.039035125347518115,0.0
0.1392817176119707,-0.047464576818964925,0.0
0.14757367910280936,0.01303391866580031,0.0
0.10717818602709069,0.10372224993634432,0.0
0.10437471716415016,0.10793973321727404,0.0
0.1466503360770793,0.0366107828760576,0.0
0.09065476130231435,-0.12219652882857218,0.0
0.08612303227522386,0.12664403512394073,0.0
0.14995823352394944,0.035721582290813604,0.0
0.1538617443734043,-0.01999214319660241,0.0
0.12241267247110102,0.0969529923413856,0.0
0.15086174327824964,-0.04403528654121483,0.0
0.15815780581808453,-0.000333842462892187,0.0
0.15418800355229023,0.03946767670904238,0.0
0.15934618881682905,0.016126655328356904,0.0
0.1577100849382476,0.03317301577463959,0.0
0.15570399770183793,0.04530818840754316,0.0
0.16163363621914803,0.022288684483053635,0.0
0.1504867096191544,-0.06560200472332342,0.0
0.1577695006790045,0.04887040453622101,0.0
0.1341343767756577,-0.0980773355335872,0.0
0.16139121857937766,-0.0435630157835653,0.0
0.15967585500042328,-0.05276508424063286,0.0
0.1341854163373438,-0.1030169007481815,0.0
0.15132664470689858,0.07783401195811995,0.0
0.12121647711474152,-0.12085584601500136,0.0
0.16206079800024203,0.058133936921636827,0.0
0.1066232870747264,-0.13645666916734525,0.0
0.17203717096643972,0.027200271232462766,0.0
0.17162633166146143,0.035081965139988264,0.0
0.11472632968281629,0.13370083892619677,0.0
0.17675940828824416,0.012159921630612544,0.0
0.17595571106308244,-0.028054427871187476,0.0
0.16141319147851832,0.07778791595128107,0.0
0.17965625016356462,-0.013730590188658187,0.0
0.16497451070918445,0.07490014172532106,0.0
0.12514062533151898,-0.13240155360228298,0.0
0.1830378810571013,0.00729470350666026,0.0
0.15831525925888015,-0.09412806377158221,0.0
0.17443430689306572,-0.062178978688999784,0.0
0.08794625061757105,-0.16410591984711756,0.0
0.15117382130629947,0.1103880373894839,0.0
0.16997154322175387,-0.08077418317982789,0.0
0.14239489570358646,-0.12456421229080027,0.0
0.07197106350384352,-0.17604679622960037,0.0
0.18858774997078945,-0.03144411153239381,0.0
0.18743665341754517,0.042489289182941016,0.0
0.18606377092189652,-0.05199887543501774,0.0
0.1912985388147604,-0.03341038919363299,0.0
0.19281423142768284,-0.030394676939265397,0.0
0.19337421014147915,-0.03315663212715314,0.0
0.15406051268970036,-0.12309383823821951,0.0
0.1611763009410502,-0.11534611299897486,0.0
0.11140453371505137,-0.16513434176250025,0.0
0.20009433048744452,0.006509920658622889,0.0
0.19248758891722434,-0.058570056151927105,0.0
0.10868929544000212,-0.17050620995194338,0.0
0.2027936255456264,-0.01289524059886253,0.0
0.1971389248804265,-0.05325036442750308,0.0
0.08450207461786823,-0.18699886531363397,0.0
0.14583696359694232,-0.14578264480650827,0.0
0.20714611700335675,-0.005031195587744334,0.0
0.16202784618715182,-0.13075792528648217,0.0
0.16705208228719903,-0.1259448094264053,0.0
0.2091476786670932,-0.021108789278096837,0.0
0.16927486571138106,-0.12631783555658627,0.0
0.14708036203519245,-0.15297512907527716,0.0
0.13242204338674718,-0.1671055855259828,0.0
0.16643315564290745,-0.13486190816593466,0.0
0.20945794235078635,0.04944652916339089,0.0
0.15141130919490162,-0.15435047004380475,0.0
0.21409681117477738,-0.03668616769824059,0.0
0.18065148405280126,-0.12241009791620294,0.0
0.1599601384991067,-0.14989936679796448,0.0
0.1902037523981959,-0.11099314378594777,0.0
0.17007348946322529,-0.14147026860938205,0.0
0.21546598494660654,-0.05437945733796385,0.0
0.1468156311077404,-0.16814808309523135,0.0
0.21774471057019712,0.05351395843755405,0.0
0.0941797935694472,-0.20458877916681978,0.0
0.2130231836648986,-0.07615397989488511,0.0
0.048574806008036105,-0.22197455037606365,0.0
0.16602194538712223,-0.15660407980021349,0.0
0.20877915430616215,-0.09464303598379682,0.0
-0.05885213445566478,-0.22258118784362071,0.0
0.2080976157305023,-0.10081301812757779,0.0
0.230911789290919,-0.02472964322491671,0.0
-0.061797507917538096,-0.22489733013001642,0.0
0.22172615500108245,-0.07551945892108913,0.0
0.1044257604250823,-0.2107863289111032,0.0
0.05852807950968388,-0.2288711935127943,0.0
0.13539189245813257,-0.194808988982959,0.0
0.17996399927804088,-0.15611027231643937,0.0
0.10168756567112648,-0.216552655443544,0.0
0.1377270410205605,-0.19684165007032733,0.0
0.1724145768346064,-0.16873218475014884,0.0
0.23896740763065566,-0.039697380478228496,0.0
0.049436968804800155,-0.2381664575436365,0.0
0.10710593285600693,-0.2195075624972556,0.0
0.1672247224504026,-0.17939097668719656,0.0
0.1639240405777432,-0.1837556059309031,0.0
0.11086219082257057,-0.22099949302512292,0.0
0.16122382158615506,-0.18876989196235594,0.0
0.24717994373146115,0.03205095424829158,0.0
0.21497145109011326,-0.1281111352167482,0.0
0.1894659391904656,-0.16501469371542096,0.0
0.23204708646995367,-0.09892092006820268,0.0
0.0755581586263291,-0.24171920682551257,0.0
0.010261493888161787,-0.2540470971091191,0.0
0.2359535730059507,-0.09737123148626098,0.0
0.2544564551610802,-0.030318002858520376,0.0
0.06765833259340563,-0.24820081877827627,0.0
0.1904416109290938,-0.17444002059539226,0.0
0.04593789682154855,-0.25515695786568815,0.0
0.19554930212596872,-0.17174362727270268,0.0
0.21829187681405635,-0.1435482607098458,0.0
-0.01926775490090328,-0.2615535276535156,0.0
0.19428471123279217,-0.1776541493048018,0.0
-0.019682520939255738,-0.263530263416953,0.0
0.2623265999494614,-0.03937532114417377,0.0
0.1915509967504883,-0.18494847984039398,0.0
0.037000388394045895,-0.2646937162291591,0.0
0.2526584720167527,-0.0901751644180112,0.0
-0.014265178926406599,-0.2688911379034345,0.0
0.033442440806219324,-0.2681932552188579,0.0
0.20407098721881373,-0.17872642443877854,0.0
-0.016019042292510773,-0.271800626438456,0.0
0.22837477374982534,-0.15007746199947936,0.0
0.15374733101737614,-0.22713021757069926,0.0
0.17241012919453322,-0.21459549046753743,0.0
0.11163490819281482,-0.2527176845926441,0.0
0.025684717712884674,-0.276085102405598,0.0
0.22607616490049126,-0.16226018558293578,0.0
0.010233084947137006,-0.27909174084379196,0.0
0.09686285453934723,-0.2630106897532527,0.0
0.2501488879014344,-0.12862617572218682,0.0
0.19723375098540977,-0.20194586988279678,0.0
0.22280879055022268,-0.17494473824983683,0.0
-0.09043741428060098,-0.2695155438731998,0.0
0.04449284072200731,-0.2817943951266467,0.0
0.14327274251047412,-0.2478563272727183,0.0
-0.01876922302217502,-0.2866735106423895,0.0
-0.05831342263230341,-0.2823290312828236,0.0
0.048214423988427374,-0.28524316331327954,0.0
0.1700496838621969,-0.2352691175126644,0.0
0.04073774804275111,-0.2884285912778989,0.0
0.08523487098203993,-0.2795886279914794,0.0
0.2529845149235595,-0.14839067052789084,0.0
-0.10399498376862455,-0.27530741908844414,0.0
0.023885607484261738,-0.29432769013234794,0.0
-0.04945693892204944,-0.29213953240080887,0.0
-0.04704256555592129,-0.29355183529692747,0.0
-0.1399330469412184,-0.263439968762159,0.0
-0.10294626991282668,-0.28103760615278334,0.0
-0.23255835595140173,-0.18999179307967934,0.0
-0.10551404821029241,-0.28222200445063395,0.0
0.17156326245183648,-0.24890305131547677,0.0
-0.10730995489088357,-0.2836855078709734,0.0
-0.06489885447221184,-0.29730329346699363,0.0
-0.1299902212729079,-0.2762496548793973,0.0
0.18434494710257718,-0.24462316685212127,0.0
0.20260041445977425,-0.23106460824885214,0.0
0.03500247239707108,-0.3063149358063089,0.0
0.09295685055060231,-0.29501063160692187,0.0
0.1350669637678203,-0.2793732341929402,0.0
-0.030460425755410296,-0.30981751889324677,0.0
0.1808944588164335,-0.2545902103211609,0.0
0.16705101378285978,-0.265064503646726,0.0
-0.028368732547274508,-0.31303147317248914,0.0
-0.16830547147483343,-0.2666402376687186,0.0
-0.1337529726844096,-0.28664639238268363,0.0
0.08169245780309996,-0.3066213009683897,0.0
0.2810038652658404,-0.14954390486629549,0.0
0.049128946109230374,-0.3155173122742233,0.0
0.06832533612938037,-0.31294848785849694,0.0
0.00911817257319753,-0.32119192154318765,0.0
-0.06339363199112774,-0.3160267819192362,0.0
0.19108161482207126,-0.2608175375273447,0.0
-0.1686621871608736,-0.27701865274840237,0.0
0.18860047145261483,-0.2650781572779624,0.0
-0.019131429647415057,-0.3257650374937157,0.0
0.1645841755394785,-0.282940326530598,0.0
-0.24494232072859648,-0.21863840170236318,0.0
-0.07909748806180615,-0.31968952835339837,0.0
0.09191067507625086,-0.3172862350357686,0.0
-0.10178446798739439,-0.3153099636838575,0.0
-0.10461198218423132,-0.31543796901599186,0.0
-0.15125723412645303,-0.2970393243924556,0.0
0.059572268811483864,-0.32898418184380046,0.0
-0.26409786285717873,-0.20664487885919797,0.0
-0.29734659662770474,-0.15718502668533724,0.0
-0.10437482311881638,-0.3207840012543648,0.0
-0.3203660199688144,-0.10880461588962607,0.0
-0.1442268095833279,-0.3071641493089221,0.0
-0.18552095562739254,-0.28533054916373346,0.0
-0.2456951840217131,-0.23695524441810242,0.0
-0.14141380354606667,-0.3117698117635445,0.0
-0.24094227539534768,-0.24460472469986624,0.0
0.14846567046965645,-0.3106943388186077,0.0
0.32536410456327425,-0.11576531006063334,0.0
-0.3030760405060098,-0.16763264985873977,0.0
-0.25065012038951656,-0.24046766281136348,0.0
-0.111938967549357,-0.329873065497937,0.0
-0.34558904554094483,-0.051119267335443135,0.0
-0.26152586096651476,-0.23312998956877343,0.0
-0.09016192268911943,-0.3395859240213322,0.0
0.004753701059376177,-0.35232028402360593,0.0
-0.26571883011285896,-0.23292079265173682,0.0
-0.23902604506461975,-0.2615980852962378,0.0
-0.16205141234762718,-0.31625427797244127,0.0
-0.17366262277601058,-0.3111770334811609,0.0
-0.2164258262369262,-0.2843662121193336,0.0
0.030899227438108225,-0.3570237397555317,0.0
-0.07854069123021713,-0.3506715115036419,0.0
-0.1976233405770242,-0.3013380237842982,0.0
-0.30134994417995153,-0.19942478438668673,0.0
-0.3461164287582372,-0.10728419921160845,0.0
-0.1460707198715064,-0.3327105027361708,0.0
0.07137507669440629,-0.35730517550899665,0.0
-0.12397652118648886,-0.343688336146374,0.0
-0.2907403688094392,-0.22292230114783457,0.0
-0.2272739348157833,-0.2886266466558161,0.0
-0.23348081823653294,-0.284924485311412,0.0
0.11850743605506085,-0.34984241970919033,0.0
-0.12595412698679578,-0.3482955198438238,0.0
-0.13526000299216698,-0.3458633069072405,0.0
-0.12023936464505025,-0.35242542316919107,0.0
-0.37313852152813703,-0.013240834415115636,0.0
-0.3118751786494471,-0.2070991190965806,0.0
-0.3357959696237006,0.16777287987837217,0.0
-0.28274552625807725,-0.2484233162874505,0.0
0.06999732004739503,-0.370828882562308,0.0
-0.31270748288752576,-0.21303574200213227,0.0
-0.308665593491558,-0.2205771177905526,0.0
-0.32005181358556206,-0.20556281375510382,0.0
-0.2810944036841246,-0.2577551052488332,0.0
-0.07003436737547247,-0.3759141840137771,0.0
-0.32388736865829365,-0.20513359324619873,0.0
-0.3459392621122655,0.16756306838854268,0.0
-0.3198878509058632,-0.21492709952788702,0.0
-0.38582690850501433,0.020785481909092456,0.0
-0.29879741897193157,-0.24655443683401382,0.0
-0.1920369645201444,-0.33759049822650283,0.0
-0.3306369175539328,-0.20567772198144196,0.0
-0.23323539831152784,-0.3130589495344676,0.0
-0.3577300252854734,-0.1587968836739056,0.0
-0.23861346599907207,-0.31150506167851416,0.0
-0.33745941368952975,-0.20218680985140453,0.0
0.050774637767369867,-0.3911123553268466,0.0
-0.35368501601022106,-0.17676093502165768,0.0
-0.042413002967518314,-0.3941208447358834,0.0
-0.238339047133836,-0.31799243712635694,0.0
-0.36754412544319226,-0.15372898132300208,0.0
-0.2902247573677994,-0.2743892681053742,0.0
-0.390796404665242,-0.08717023999921833,0.0
-0.20512168701592262,-0.34503359048468146,0.0
-0.3709378326091623,-0.15598980030259046,0.0
-0.3596497197642333,-0.18271941591127494,0.0
-0.3270653365026623,-0.23784698434094412,0.0
-0.38523679298566,-0.12627809019004396,0.0
-0.35836308969871766,-0.1916821929907888,0.0
-0.3523890749024511,-0.2044571727766476,0.0
-0.38391204294136577,-0.13931608429494508,0.0
-0.341800927381737,-0.22536235389688747,0.0
-0.3585346794418368,-0.19972378078431433,0.0
-0.20765085149819446,-0.3551626012287955,0.0
-0.3180934050693551,-0.26248920656516317,0.0
-0.4098068030028663,-0.054488848425157534,0.0
-0.00250873624030819,-0.41440682078956975,0.0
-0.3216262904958339,-0.26291918269052117,0.0
-0.3250747411057987,-0.2602480442886906,0.0
-0.22066344589683293,-0.3543232196855887,0.0
-0.3660973434736019,-0.20259987160248205,0.0
-0.3115252619868272,-0.28082852513617906,0.0
-0.4198271607470147,0.022326777769829855,0.0
-0.39504956128771185,0.1467373795569407,0.0
-0.38337336760504037,-0.1773853544585856,0.0
-0.38062523302054857,0.1855042519503659,0.0
-0.40522062968822686,-0.12622334698098003,0.0
-0.3539029456755067,-0.23609213803217502,0.0
-0.0629313220395547,-0.4217572119847701,0.0
-0.3457241619382761,-0.2513344575845209,0.0
-0.33092813122346104,-0.2720983099003019,0.0
-0.3468400653415015,-0.25320269337822665,0.0
-0.4205532130794895,-0.09168069812694003,0.0
-0.4216585067937794,-0.0913081796741901,0.0
0.12873887933155867,-0.4128245505876372,0.0
-0.342848060408721,-0.26517871085717376,0.0
-0.43443395344772484,0.0006464627962423908,0.0
-0.278368268915557,0.33483596774212204,0.0
-0.39875124542992557,0.17740971596115832,0.0
-0.42102342035972573,0.11870463841160422,0.0
-0.38714159218346195,-0.20579031051531652,0.0
-0.3820283121421822,0.21716673238929615,0.0
-0.418717280498908,0.13661486224773634,0.0
-0.29431558865899027,-0.32901197621699063,0.0
-0.37501453996885903,-0.23477523226775665,0.0
-0.43579475650580224,-0.08200620546658027,0.0
-0.2500168693386401,-0.36745398248438704,0.0
-0.32895159033417976,-0.30035395133859205,0.0
-0.34995938767331275,-0.2772054410071703,0.0
-0.23370444070420496,-0.3815644802944464,0.0
-0.3307718154052192,-0.3028135020922223,0.0
-0.4473101124172118,0.043800353191664206,0.0
-0.4503198778358065,0.010845088148927907,0.0
-0.38443608993265777,-0.23667975362272053,0.0
-0.44821283646521587,0.0617938100301676,0.0
-0.3313056842369285,-0.309607134997183,0.0
-0.4531720480289057,0.03411665368676972,0.0
-0.39195719609005825,-0.23196816233560152,0.0
-0.43960054710417207,-0.12289774459483573,0.0
-0.39496532670669715,-0.23080233119037916,0.0
-0.425711833599335,0.17015755306655705,0.0
-0.40386539840422264,0.21907928897679296,0.0
-0.45677382236019015,0.05815075970200828,0.0
-0.4443070854299847,0.12465109005082999,0.0
-0.46240908142748,0.007026421581335226,0.0
-0.4375151602064552,0.15290149297854796,0.0
-0.2659083449767872,-0.3808149036237522,0.0
-0.4640325747061811,-0.03649478253853366,0.0
-0.43674941093783404,0.16383197607050354,0.0
-0.4641652734954707,0.05546559313053991,0.0
-0.4014190661680518,-0.24150660294485055,0.0
-0.46630190047507514,0.0544437358864935,0.0
-0.47009463755778585,0.01880147132858977,0.0
-0.46615727135537516,-0.07058857396197793,0.0
-0.47238696481143044,-0.008988477095464225,0.0
-0.4568099434862041,-0.1245062472937283,0.0
-0.405298298848326,-0.2466968096236385,0.0
-0.38897993291781346,-0.2734438508467192,0.0
-0.4411711237115439,-0.17999408945443704,0.0
-0.4491902624276518,0.1619038283624952,0.0
-0.43926793452638796,-0.189698012809836,0.0
-0.47681411158411163,0.05048637673835345,0.0
-0.459188339330865,0.141448086396797,0.0
-0.3793791377518616,-0.2964724048680689,0.0
-0.4543613138094939,0.16231186776009207,0.0
-0.37794022326278703,0.3015252335069132,0.0
-0.4432251609931327,-0.19564424951633078,0.0
-0.4773615814490248,-0.08844250772995763,0.0
-0.48578664314615366,-0.026085223302819587,0.0
-0.36979510430880097,-0.31764072674344884,0.0
-0.48333357891346224,0.07077891550788341,0.0
-0.48543533542067047,0.06286887501540203,0.0
-0.23339018602274078,0.4314046155639418,0.0
-0.4827209365243258,0.0924358353108179,0.0
-0.3420525948522174,0.3543287703762321,0.0
-0.4164409932558165,0.26478807989885356,0.0
-0.43542196677907186,0.2343768673133304,0.0
-0.4362264345034559,0.23499422098581213,0.0
-0.4895785090350225,0.08259330798763297,0.0
-0.46842419347146735,-0.1675784442787253,0.0
-0.4837360531198885,-0.12041670946031499,0.0
-0.4972252026483892,0.04761142564047845,0.0
-0.4547301573649609,0.2090962337874345,0.0
-0.49798594848309535,-0.05927690209223517,0.0
-0.10564122370697886,0.4912725281093678,0.0
-0.3773807397431309,0.33331599918280225,0.0
-0.4072682014753181,0.29775393722400256,0.0
-0.5055040314913071,-0.001220754853506251,0.0
-0.25422781620433127,0.4380833922912423,0.0
-0.5003878363987233,-0.08471058588327281,0.0
-0.5080921319287441,-0.020573981084163074,0.0
-0.4739130905406647,0.18709976722277513,0.0
-0.09026780257712613,0.5024666209407338,0.0
-0.127982256825295,0.49524192910808296,0.0
-0.3995418389669351,0.3209912684120987,0.0
-0.3903916237073433,-0.3336023211851762,0.0
-0.43534961004400013,0.27421871322111396,0.0
-0.4998639213792706,0.12606469307687285,0.0
-0.5098455660241848,-0.08274545691357,0.0
-0.5095128415213619,0.090669979940009,0.0
-0.5051785592460106,0.11685922011019996,0.0
-0.5026821327661326,-0.13119148051411192,0.0
-0.2942596352649383,0.42936334186408964,0.0
-0.5184158412830357,0.0568305632289978,0.0
-0.0932269135401925,0.5141386283241802,0.0
-0.4312690076791472,0.29678935745395074,0.0
-0.4890185571899865,0.18970194398451065,0.0
-0.1996416627503914,0.4861278478683759,0.0
-0.17539036250954457,0.4964558428247769,0.0
-0.4809218685331947,-0.21679356232565328,0.0
-0.4762839261293683,-0.22912011517831854,0.0
0.07959259324705065,0.5235136500073082,0.0
-0.3614403747971821,-0.38836001247744184,0.0
0.10717551652869833,0.5206142311434276,0.0
-0.4730836395029052,0.24450514972122372,0.0
-0.5319237041728514,0.04141502558022903,0.0
-0.4726184704471103,0.249717740663905,0.0
-0.36882568713895925,0.3882858770645765,0.0
-0.20921874223661277,0.49406373367770273,0.0
-0.537314740020489,0.01547496102204898,0.0
-0.05494730672465936,0.5357280569234087,0.0
-0.33606267600149303,0.42209571488615455,0.0
-0.3756677922147082,0.3886615312330082,0.0
-0.5120254991949768,-0.17634378182778115,0.0
-0.5286914466631815,0.12181036365481754,0.0
-0.3565343693155373,0.4102716505251661,0.0
-0.26359857634951955,0.47649192179902894,0.0
-0.48740946868525187,0.24505499811378553,0.0
-0.5224356253629354,0.16054328043737923,0.0
-0.5333387948205535,0.12392758677830157,0.0
-0.2772139156975328,0.4733476048934445,0.0
-0.18434963962756615,0.5177064011380382,0.0
-0.4760513955153687,0.27655194365504704,0.0
-0.39209311676061664,0.3879073366254746,0.0
-0.1323839783064516,0.5364595097676043,0.0
-0.36508315405218345,0.4160959351869188,0.0
-0.25855094704139364,0.49059368296096,0.0
-0.056608173546582895,0.5526639937578365,0.0
-0.37965542654891415,0.40696063413806205,0.0
-0.2890340111513723,0.4767911181925451,0.0
-0.5552441372520274,0.06075863219548699,0.0
-0.5211384767400633,0.20376846850171618,0.0
-0.36084494367993475,0.4289744382554683,0.0
-0.5270970441432602,0.19370104150183995,0.0
-0.5625174048086866,0.007127838680642304,0.0
-0.49445726044689875,0.2703995335939217,0.0
-0.40534141193387613,0.3929777186220972,0.0
-0.5496473015575334,0.1332375804494362,0.0
-0.21414503161555157,0.5245374913058191,0.0
-0.42408692609223736,0.37720448416237384,0.0
-0.42787060558954065,0.37442884776222934,0.0
-0.4411794049357294,0.36023634913792435,0.0
-0.15742251127049464,0.5484240411821107,0.0
-0.15843798034273351,0.5491734405574542,0.0
-0.20261798153768698,0.5355233929717426,0.0
0.17265192848594435,0.5469716225655988,0.0
-0.23247247830003517,0.5254450385916619,0.0
-0.13487491646261912,0.5595498191478187,0.0
0.3931737487478365,0.4217285287389721,0.0
0.2506850580593293,0.520339177639137,0.0
0.027361898841002652,0.5779312226224009,0.0
-0.3376235369303785,0.47108686712353126,0.0
0.06544647106928499,0.5768800308312477,0.0
-0.336041547049605,0.47467169147890204,0.0
-0.23912175800852564,0.5312468826972104,0.0
0.21174796624047856,0.54381301733342,0.0
-0.34281723488076266,0.47351397022964314,0.0
0.020820005449930422,0.5852153496095929,0.0
-0.38044889014668426,0.4464778444105141,0.0
-0.28070106849571763,0.5162035288840665,0.0
-0.5049137569856536,0.302487395809047,0.0
-0.4465609169360109,0.38496653311384077,0.0
0.0015485510022628355,0.5905885604072737,0.0
-0.08788077325209681,0.5850278462898035,0.0
-0.29358712126604486,0.5147548766377323,0.0
-0.5699508012856127,0.1658596951318925,0.0
-0.40534902676748014,0.43501137734519885,0.0
-0.0851928337576077,0.5894711991007032,0.0
-0.2918364912307586,0.5203450407727179,0.0
-0.5672596844811115,0.18798760335939707,0.0
-0.1300893734094179,0.5842919109230857,0.0
0.06786147164650981,0.5957470104884875,0.0
-0.16808084434972512,0.5766020388487069,0.0
-0.39146058348491,0.4568184525905953,0.0
0.14577621154113563,0.58470436359937,0.0
0.2511882930476606,0.548854945973031,0.0
-0.3902641144426637,0.46177987059569175,0.0
0.0293568043363633,0.6048936498096907,0.0
-0.09254890843773816,0.5995050247710736,0.0
0.15007421754998745,0.5887824165592918,0.0
0.19819678326092657,0.5754324231198029,0.0
0.17589790157127588,0.5836812523554293,0.0
-0.39556597416773287,0.46515898128596334,0.0
-0.39083446588092163,0.47044360314253136,0.0
-0.05159964222483632,0.6104356559493554,0.0
0.29116048397498945,0.5401363155569222,0.0
0.19770968102481234,0.5819467385654277,0.0
0.1774881944453545,0.5894747891320895,0.0
-0.057208766387692726,0.6139570090292332,0.0
0.04807691816193896,0.6157435598783896,0.0
0.20588563931669374,0.5833524653455784,0.0
-0.07883833792200157,0.6145835903205181,0.0
-0.5211488191798654,0.3370072150666158,0.0
-0.08790747777488389,0.6153744517111129,0.0
0.46652709263671366,0.4123243893312738,0.0
-0.3079110150417262,0.5423073213201467,0.0
-0.4467047880063292,0.4365899152061048,0.0
0.21137414718682712,0.588836474193385,0.0
-0.24915844924799138,0.5749617346970161,0.0
0.09390219190720656,0.6205633064535044,0.0
-0.11826601509163139,0.617403516677591,0.0
-0.2701059046257169,0.5687497435549907,0.0
-0.17413816736183393,0.606111285951226,0.0
0.1413990020206378,0.6156012023259902,0.0
0.24825411432891528,0.581888256102889,0.0
0.29546955001639774,0.5605259375665584,0.0
0.18353118810822458,0.6075174256508366,0.0
0.14643901527649458,0.6185372067182128,0.0
0.08882548519294714,0.6304095813740829,0.0
-0.016265107347391786,0.6374301555583051,0.0
0.35459178481548315,0.5311534400750727,0.0
0.027614333410331274,0.639043282719278,0.0
-0.06785063238602332,0.6370374573957698,0.0
-0.35401389479002826,0.5351431197204871,0.0
-0.04214108053355591,0.6412594603389361,0.0
-0.17265079075581277,0.6200555172355604,0.0
-0.2737678557208874,0.5836247758988712,0.0
0.3936674376200956,0.5117462733609408,0.0
0.2144142951203886,0.6100642553595318,0.0
-0.40594733971060787,0.5046327703245319,0.0
-0.07811974139184993,0.643927305989262,0.0
0.12271293086307787,0.6379547036341264,0.0
0.46535453265828425,0.454743255174285,0.0
0.13360893551081446,0.6378075943825007,0.0
0.0515747224513809,0.6506116606844724,0.0
0.33013012289732013,0.5641606162172002,0.0
0.511105332520181,0.40907707822663486,0.0
0.31814779551131506,0.5732942691188689,0.0
0.25112130324743476,0.60674216582236,0.0
-0.1519653190600553,0.6398594661945171,0.0
0.21426106620947524,0.6228349894898345,0.0
0.43987422842038004,0.4915908153676931,0.0
0.3836552459716322,0.5378486411463982,0.0
0.1057875088434846,0.6531501798863419,0.0
0.37473302664927965,0.5465317586613243,0.0
0.36491649406813814,0.5543333030086638,0.0
0.5966062613392441,0.29298478695079155,0.0
0.3169885134858706,0.5853452492026665,0.0
0.059403565684012546,0.6640148046756711,0.0
0.13080316407854004,0.6547294454321003,0.0
0.5178894359237823,0.42297555557936956,0.0
-0.13676684703724468,0.6555549527133293,0.0
0.40775656161311896,0.5324788586970322,0.0
0.09988739740486322,0.6642027870807987,0.0
0.26044227826233535,0.6202083071469785,0.0
0.3238882349238364,0.5907051970982693,0.0
0.41648829292154665,0.5307762414677903,0.0
0.6268779416710686,0.25211438861363145,0.0
0.2450740263797616,0.6307377001196325,0.0
0.43471429605028217,0.5198754808914516,0.0
0.6735624544579979,-0.08317673254916107,0.0
0.10364822227133025,0.6717302382574905,0.0
0.38808034256315477,0.5592135877891194,0.0
0.5254915963547895,0.434221714451109,0.0
0.28213825091967115,0.621653965323807,0.0
0.5280125918653796,0.4343110431095383,0.0
-0.050618794977216615,0.6828109951053956,0.0
-0.18953395786779728,0.658970210532477,0.0
0.12953352259750978,0.6743587118116146,0.0
0.24734679611523303,0.6416649579404878,0.0
0.2644957484046303,0.6358727144669916,0.0
0.4289283022467775,0.5400855298894404,0.0
0.684427738233096,0.09280248565589146,0.0
0.18862862715663978,0.6654747458561562,0.0
0.08065430890377825,0.6879811399777666,0.0
0.6163083459389554,0.3183943520171,0.0
0.31360997032347393,0.6198786214660617,0.0
0.3504391159989402,0.6009866279605557,0.0
0.5400489014437043,0.44015164572853416,0.0
-0.22474654567092914,0.6605081888831152,0.0
0.48949820132529237,0.4985693356621108,0.0
0.27006134044665153,0.6454816358007466,0.0
0.6670726242897121,0.21446581519134789,0.0
0.6828438427440424,0.16158454318904789,0.0
0.6925228030898013,0.11917741223204711,0.0
0.26482884564838066,0.6519697731634928,0.0
0.2529116463672607,0.6577571131996572,0.0
-0.23677192540563125,0.6648004199797848,0.0
0.6528902661696355,-0.27049707881080987,0.0
0.6394663619139517,0.303204504467584,0.0
0.4767435455650284,0.5243888114382792,0.0
0.3845701356428815,0.596484436366831,0.0
0.35579903192715734,0.6152371601249563,0.0
0.6859985758209761,0.18957719947084073,0.0
0.33227479953667644,0.6305179366641168,0.0
0.6931615691309999,0.17004206603917446,0.0
0.7143670494479533,-0.022289954974416805,0.0
0.626196577980354,0.3465931785943768,0.0
0.29931556087598843,0.6512242678514697,0.0
0.6961231550355714,0.1747320100875948,0.0
0.5572972210721453,0.4538462338963948,0.0
0.708633073956675,-0.12583974510521553,0.0
0.6082733838489617,0.38657709163519866,0.0
0.3140711250813889,0.6498011788193961,0.0
0.5441505506069226,0.4756346415200731,0.0
0.4579429712604747,0.5604143675474969,0.0
0.6964141255663779,0.2005823829226915,0.0
0.3878704259339606,0.6133794597685346,0.0
0.4883506364785382,0.5381871339877506,0.0
0.4875018753466225,0.5403050686762877,0.0
0.7123458957685408,0.15365182998033053,0.0
0.6459181502895117,-0.3395515006269302,0.0
0.7059981419235721,0.18850470666466507,0.0
0.6706364798722299,0.29270811243917244,0.0
0.4204570656983489,0.6000942538654346,0.0
0.7104791029023058,-0.18326111523719502,0.0
0.7065002963688239,0.2017237260623674,0.0
0.7116763465369533,-0.1866114964797685,0.0
0.7187138203072214,-0.1619613032699319,0.0
0.5393557130291667,0.5033412207491,0.0
0.6928238012178949,0.25637883020891067,0.0
0.6742158063610931,0.3043812231447249,0.0
0.7268301738316286,0.14288017147605067,0.0
0.6978185870866093,0.25145582307538844,0.0
0.7260262903888804,0.15669271700105664,0.0
0.3584493498542515,0.6516661875124594,0.0
0.7015802446299773,0.2498597510001484,0.0
0.5912291276868473,0.4545160457811451,0.0
0.7434770330127135,0.06980404830282129,0.0
0.6058641479549398,0.43824117616292535,0.0
0.74535273804043,0.07123190751658239,0.0
0.6832198781733528,0.30876412569889217,0.0
0.6805703079410965,0.3169396562467007,0.0
0.4808297895070418,-0.5778697169643356,0.0
0.5728213119619164,0.48837736571126605,0.0
0.726272882926176,0.2016740459850387,0.0
0.10604411004371217,0.7472679482956212,0.0
0.7525882980082725,-0.06912030135180934,0.0
0.6575044625256942,0.37465807165441306,0.0
0.7013552969317185,-0.28687552511130276,0.0
0.668135907416007,0.3595959721889571,0.0
0.6632858024055059,-0.3705223837738982,0.0
0.7589094505075957,0.0530413144968186,0.0
0.6899266656313324,0.32292751157684724,0.0
0.6804765389435301,0.3446138595659163,0.0
0.6168621358834541,0.45035118757686576,0.0
0.6007563553714526,0.4732408973308573,0.0
0.7469601818884382,-0.16866444406578662,0.0
0.7092846700388499,-0.2912842794691146,0.0
0.7270645459894083,-0.2466667614177408,0.0
0.6796757149138607,-0.35923020807078704,0.0
0.6939700033301155,0.33309327962209595,0.0
0.7655549453234238,-0.08951651671852293,0.0
0.5857911301864506,-0.5024742973512383,0.0
0.7071463840165109,0.3116436264570365,0.0
0.7717995219475438,-0.05523903422083108,0.0
0.7673265925105334,-0.10717206750584206,0.0
0.7176051961570696,0.2947385904982249,0.0
0.7748205589733573,-0.055093214935531036,0.0
0.7733603751516891,-0.0827768189179615,0.0
0.4136238509454032,0.6598573301898379,0.0
0.5148204569549616,0.5856760214095216,0.0
0.7765870589023,-0.08081563946490357,0.0
0.700437454696853,-0.3472320929633253,0.0
0.7349259752882499,-0.26950453774987165,0.0
0.7758098236505858,-0.11151743025048579,0.0
0.7332242464005315,-0.27976662224088406,0.0
0.7342310368699193,0.27993585986777036,0.0
0.7213179181289784,0.3142195233405352,0.0
0.7876628149491822,-0.014031697470618954,0.0
0.7443130822053035,0.26112408731659686,0.0
0.6429165894924235,-0.45872232451847267,0.0
0.769492237908537,0.18229583264034166,0.0
0.7639487592184088,0.20812624735364352,0.0
0.5826304661874654,0.537645005718804,0.0
0.7475115517853368,-0.2670862538825647,0.0
0.7875104307638864,0.10735961657428704,0.0
0.7781541698616063,0.16663443981739848,0.0
0.7875421602230375,0.1210887329889429,0.0
0.6367146698044426,-0.4807033965210102,0.0
0.76882978157151,0.2167493666221611,0.0
0.7997798239171588,-0.005652699783126299,0.0
0.7922657407509617,-0.11660582573582566,0.0
0.5857144702548119,-0.5475624975349762,0.0
0.42170681843677754,-0.68312202385223,0.0
0.5021708591103151,-0.6276344344201265,0.0
0.6207389282685789,-0.5122440402472985,0.0
0.7411223246104556,0.3163237212640536,0.0
0.4357804413750801,-0.6789938368090954,0.0
0.45048720866612635,-0.6705331678473915,0.0
0.796026895979084,-0.1432231478659392,0.0
0.7520125256388218,0.3004481475172059,0.0
0.7739025419046747,0.24184504659216763,0.0
0.7378874699615252,0.3384678706627201,0.0
0.773405558426497,0.25001702115591057,0.0
0.7070740919330551,-0.40291333071918867,0.0
0.8141973793376631,0.03171450648177196,0.0
0.8052586884537706,-0.13082006728685927,0.0
0.703996334320323,-0.4142208028314191,0.0
0.8111084260562109,0.10454235658771834,0.0
0.7003026042713317,-0.42431181989503447,0.0
0.7452217999719555,0.3416855364453705,0.0
0.44422374274895665,-0.6902261124233673,0.0
0.2951310658598952,-0.7669998440592674,0.0
0.7419908975915906,-0.35564997631005696,0.0
0.7812198734762615,-0.26149799614039204,0.0
0.5445107566110701,-0.6195514729077342,0.0
0.8055257373899682,-0.18197961699941884,0.0
0.3940452539754468,-0.7268912844297591,0.0
0.6660078397845844,-0.4916629636972985,0.0
0.8131466374910982,-0.16046735940585719,0.0
0.716944542050891,-0.4178613048594503,0.0
0.7038137708832072,-0.4415042982511145,0.0
0.831069694479574,-0.03559999110011852,0.0
0.7982393438889321,0.23753837018917248,0.0
0.694828434187496,-0.4609688812605272,0.0
0.43104026499601367,-0.714949992241326,0.0
0.815820437464545,0.1818201261757038,0.0
0.8293319022955986,-0.11182346498765945,0.0
0.8361485254474491,-0.05317787044287877,0.0
0.8167310681766708,-0.19131377320905488,0.0
0.5574266088418072,-0.6281771504419201,0.0
0.7143280624114947,0.44356368074648755,0.0
0.6128046798358731,-0.5772071647570894,0.0
0.8160672517615846,-0.2107564906087107,0.0
0.5866113403226627,-0.6065967096828029,0.0
0.6422602143979861,-0.5488757863691592,0.0
-0.056697563436185774,-0.8439434704025348,0.0
0.47472733863908273,-0.7012727971075882,0.0
0.3029134305307636,-0.7918897819168471,0.0
0.1598051901039294,-0.8336706000620765,0.0
0.5192282002441208,-0.6727903413107708,0.0
0.8239917868951929,-0.2120959818640696,0.0
0.6087914754969191,-0.5958393381321122,0.0
0.6962939092552376,-0.4924761725741752,0.0
0.6490283537418664,-0.5548230346517716,0.0
0.8045279611688158,0.288983706403083,0.0
0.8435465984915044,-0.14463188506056468,0.0
0.4786536706662088,-0.7106998921488427,0.0
0.6856298910694614,-0.5155887477055247,0.0
0.429195331716592,-0.7439286973044027,0.0
0.23878511403660516,-0.8260391321921396,0.0
0.24752558197775154,-0.8245074335799999,0.0
0.4914013050466739,-0.708047050929824,0.0
0.6012366984480627,-0.6189077092322965,0.0
0.6194138155179452,-0.6021522236405884,0.0
0.41539603142103326,-0.7585758838490563,0.0
0.7673949775674991,-0.4010344699347217,0.0
0.6714752433901082,-0.5482510030868829,0.0
0.4771195682287884,-0.7249493456033279,0.0
0.5257058367332088,-0.6917849987634195,0.0
0.7390279040223259,-0.45881515622720254,0.0
-0.10389414390888826,-0.8646514214368864,0.0
0.6617335206908339,-0.567687685752893,0.0
0.8401183663917046,-0.2368716586016067,0.0
0.48963046057571163,-0.7238214969975315,0.0
0.31975805304182364,-0.814346875847283,0.0
0.8658730502623276,0.13199398005494534,0.0
0.09928317395194364,-0.8712381468756827,0.0
-0.013371569393447715,-0.8777760361272814,0.0
0.5746676186654446,-0.6649700833847957,0.0
0.7624494177108496,-0.43915770339346,0.0
0.2953777619684542,-0.8298813794970844,0.0
0.43839997303117645,-0.765193516202139,0.0
0.8605470402170584,-0.19733468134428575,0.0
0.39092429739279655,-0.7927350843110247,0.0
0.4150509646285159,-0.7815074895729883,0.0
0.5240036969347998,-0.7142926069969389,0.0
0.5123001592372012,-0.7239591818448413,0.0
0.5793865860597971,-0.6727972096791037,0.0
-0.1587006630376524,-0.87460708683473,0.0
0.49974545745792404,-0.7363141271756306,0.0
0.8464950998100479,-0.27772761020457126,0.0
0.7239369848144775,-0.5209475874214421,0.0
0.2962989697371173,-0.8422972389313418,0.0
0.0502438388645436,-0.8924807281935794,0.0
0.3711352597923548,-0.814306755374046,0.0
0.20882687137692527,-0.8712179945765784,0.0
0.33041718522689667,-0.8338156435148105,0.0
0.6974859114480438,-0.5654502970031543,0.0
0.5255065227784893,-0.7292887802228374,0.0
0.655795454142284,-0.6162403363673669,0.0
0.8761482738017855,-0.20972991097648985,0.0
0.19866654745430368,-0.8797491935641969,0.0
-0.3113378061394942,-0.8475272399980638,0.0
0.6325434228210822,-0.6457020100158489,0.0
0.6581675773248143,-0.6210220020895715,0.0
0.47220749193049566,-0.7731012837396604,0.0
0.7633236471822917,-0.48971128989209284,0.0
0.1494639063570496,-0.895520692077076,0.0
0.37472173054977537,-0.828069459253126,0.0
0.48806077612631116,-0.7679405725440238,0.0
-0.6005970174319668,-0.6848663448209228,0.0
0.4250519311941203,-0.8067925327337799,0.0
-0.286185663327733,-0.86689546813258,0.0
0.15657619440654189,-0.900401320184846,0.0
-0.3988418319650116,-0.8234042109490086,0.0
0.19939682780052423,-0.8939479124038376,0.0
-0.49991237690980395,-0.7686509272360338,0.0
0.3389167282019826,-0.8530584712548307,0.0
0.3832055825968458,-0.8352038439888352,0.0
0.25745144714787427,-0.883159901392119,0.0
0.4885207851341346,-0.7806681657924612,0.0
0.7223732844870251,-0.572814863616193,0.0
-0.19318251713737147,-0.9024783857406562,0.0
0.44800275624671215,-0.8080401893435311,0.0
0.605646219536374,-0.6990556297668136,0.0
-0.0030624118903382035,-0.9259208615941199,0.0
0.14538663866669285,-0.915454124005893,0.0
0.04170350518317775,-0.9269903220012895,0.0
0.3852038839136168,-0.8452969435759908,0.0
-0.10111425018378217,-0.9244163472100956,0.0
-0.3566577314145624,-0.8598997969450555,0.0
0.40614411282405705,-0.8387753485723949,0.0
-0.0730704432393574,-0.930066969457387,0.0
-0.07206493404297247,-0.9311494177814299,0.0
-0.07129784036198125,-0.9322123956060167,0.0
0.3362946141707052,-0.8734311699590603,0.0
-0.03331806661966743,-0.936344343835908,0.0
-0.06127189110593499,-0.9359344692784711,0.0
0.5734580122500308,-0.7434730924801678,0.0
0.10142325192066216,-0.9344519327735032,0.0
0.6617941486994682,-0.6688784337127109,0.0
-0.5599496871446652,-0.757437106204831,0.0
-0.43195156371232335,-0.838188069738753,0.0
0.1930647282304407,-0.9239892748413013,0.0
0.3474232809573298,-0.8787593600217578,0.0
-0.5221343006648698,-0.7887898989723295,0.0
-0.3745578766346583,-0.8697211722058283,0.0
0.11340557617816961,-0.941139993470909,0.0
0.8213548162663271,-0.47526873819705745,0.0
-0.10254215265827188,-0.944399287556974,0.0
-0.41310349419683334,-0.8565355884006717,0.0
0.08308398538524496,-0.9483193397783448,0.0
-0.13311035807731814,-0.9436105993015769,0.0
-0.4177848311383122,-0.857603627053381,0.0
-0.1165048511732511,-0.9478214946107303,0.0
-0.513268299378374,-0.8064784204062111,0.0
-0.28826031226351345,-0.9125089642529879,0.0
-0.2849913455435003,-0.9145837207059209,0.0
-0.5336051025982864,-0.7967859684060222,0.0
-0.3221312932689229,-0.9042978240730314,0.0
-0.06098586511642895,-0.9590238228255928,0.0
-0.042270349390397,-0.9610327953946842,0.0
0.3165904793299957,-0.9094328652715451,0.0
-0.47545563986974637,-0.8385514047076473,0.0
0.26478349275351243,-0.9279262285198575,0.0
0.40457819792818545,-0.8771583261679409,0.0
0.0731039327341625,-0.9641996319352618,0.0
0.08828992969670334,-0.9639330242948356,0.0
-0.16470419437656966,-0.9548682585464615,0.0
-0.5398443469367851,-0.8058596799219703,0.0
-0.010696610898852902,-0.9709120500764159,0.0
0.0988911040566388,-0.9669281585710195,0.0
-0.5582202318003221,-0.7969106467758227,0.0
-0.3882371781207142,-0.8932509140793086,0.0
-0.25795405075488087,-0.9402318381796063,0.0
-0.9227381620568127,-0.3179361413338754,0.0
-0.2898239805517425,-0.9329984318530314,0.0
-0.19712278562762756,-0.9579058058057163,0.0
-0.6289645160007272,-0.7502022919817661,0.0
-0.4607824260055281,-0.864893240259179,0.0
-0.8679483270553849,-0.45715357004858487,0.0
0.5761514557471799,-0.7951969020171464,0.0
-0.43351841544889963,-0.8822229470495531,0.0
-0.740143437867623,-0.6483919895545359,0.0
-0.16091789273820067,-0.971751435523801,0.0
-0.43984334850610957,-0.8824433088508802,0.0
0.1702881415178858,-0.972185816261498,0.0
-0.792376564165342,-0.590135276839201,0.0
0.33785770886416777,-0.929489854114889,0.0
-0.41783847581500555,-0.8974916091022653,0.0
-0.9731653128135441,-0.18711605532883355,0.0
-0.5613160389108471,-0.8179073398849509,0.0
-0.8564737378342963,-0.502481661887607,0.0
-0.29957599344429914,-0.9477754397788505,0.0
-0.4888293501069024,-0.8666377020065268,0.0
-0.8522884076010728,-0.5153760707569605,0.0
-0.5757865380185059,-0.8139243666690988,0.0
-0.4294994639264458,-0.9008497180411991,0.0
-0.9270137459510072,0.372349989685623,0.0
-0.7489166362031422,-0.6626642226785526,0.0
-0.0,-0.0,1.0
-0.0003279450840910556,-0.0009457563247610435,1.0
0.0005683666367389609,-0.0019196279280793104,1.0
-0.0011465667101902138,-0.002775502083430788,1.0
-0.0002859870044503492,-0.003993777597383912,1.0
-0.0032470269103123993,-0.0038087913232195147,1.0
-0.005818583222073002,-0.001488689837404278,1.0
0.005102568230962418,-0.004802285356433784,1.0
-0.007628957442222431,-0.002434584276848793,1.0
-0.006233523673640933,-0.006504262136058442,1.0
-0.003954404607143209,-0.009195813428050027,1.0
-0.010945735640413103,-0.001197177837581398,1.0
-0.010389806092342486,-0.006028296769423669,1.0
0.00020911901613199197,-0.013011332634051673,1.0
-0.005400918437389577,-0.012931460428646352,1.0
-0.012047652601517297,-0.008961291351935827,1.0
-0.015961152748957284,0.0013245270664410135,1.0
-0.012760677102488512,-0.011258063245668503,1.0
-0.012964975529966729,-0.012512329231801164,1.0
-0.009568283315720811,-0.01643688044721096,1.0
-0.009721290336263878,-0.01750136325547427,1.0
-0.00989813403626391,-0.018544817803536423,1.0
-0.0037484666160823876,-0.02170065556536343,1.0
-0.022164859407039012,-0.0062272463083487,1.0
-0.022209726969928123,-0.00915869850077678,1.0
-0.025012899449710274,0.0007789342859395591,1.0
-0.023836506576772783,-0.010448683406192951,1.0
-0.0187375405633769,-0.019477288403560045,1.0
-0.01119481747615834,-0.02569526059053351,1.0
0.0039904713999015864,-0.02875344613041674,1.0
-0.011364046473299623,-0.027796783111669447,1.0
-0.01823469048147607,-0.025108184918340413,1.0
-0.023691247278702494,-0.021558661333220524,1.0
-0.0311015659292785,0.011129863795581426,1.0
-0.030708910366039635,-0.014672365070442128,1.0
-0.028582680623847306,-0.02026040592538255,1.0
-0.03536732970793549,0.006909984263417035,1.0
-0.02169052103199372,-0.030021049446071854,1.0
-0.03226882001951729,-0.020139900504501738,1.0
-0.03637648477731012,-0.01417031842753505,1.0
-0.029013848932928275,-0.027593502432732717,1.0
-0.040973362467644873,-0.002355974920792893,1.0
-0.04199217580651456,-0.00204706377516763,1.0
-0.04231586045443536,-0.00787854735379623,1.0
-0.02691774015255129,-0.03486134077790783,1.0
-0.034654818751891005,-0.02877672011164095,1.0
-0.045811331697589455,-0.004643301042149682,1.0
-0.04565400315480944,0.011363829978827913,1.0
-0.039997442923243406,-0.026623663925715035,1.0
-0.04703211528863957,0.013920824116845086,1.0
-0.021661591170340028,-0.045119651793664825,1.0
-0.04823371789478264,-0.016724780161889902,1.0
-0.030105385279953937,-0.04246271187730558,1.0
-0.043823657627164135,-0.029901730224640186,1.0
-0.028355581288675356,-0.046019580283395915,1.0
-0.048278455040766,-0.026462234712735032,1.0
-0.03055373681044756,-0.04699734660039437,1.0
-0.05656816792736987,0.007453196452069899,1.0
-0.056221782041043625,0.014486177190764445,1.0
-0.023464014828599142,-0.05419790092858492,1.0
0.0033034065490485207,-0.059969144729516734,1.0
-0.06104007028406569,-0.0016009364818592394,1.0
-0.0613694264125903,-0.009246245139780139,1.0
-0.04689146045317218,-0.04216800753491274,1.0
-0.053332738475825404,-0.03549398978804323,1.0
-0.03353745757943863,-0.055755731822194794,1.0
-0.06279101565490654,-0.020542965668838755,1.0
-0.0668883165798821,0.004893320967189956,1.0
-0.06121964100754929,-0.02975596487136548,1.0
-0.06355366930388057,-0.027045654365920282,1.0
-0.052062386890595516,-0.0468969358367738,1.0
-0.06153943536119021,-0.03555270789426772,1.0
-0.07194738598233351,0.004237596378971275,1.0
-0.0533288696119721,-0.04995703828543038,1.0
-0.06961887325905113,-0.025301797091740102,1.0
-0.05795103148622663,-0.04772782047412734,1.0
-0.061093345288407326,-0.04533401055062694,1.0
-0.06892034177954681,0.03450887276826256,1.0
-0.011856123043803934,-0.07717265463061795,1.0
-0.050104532244717975,-0.0611803611997613,1.0
-0.06241667082805404,0.050169496991442776,1.0
-0.07597186025131576,-0.028326986412807734,1.0
-0.0464174756505467,0.06769701731361999,1.0
-0.07750582977070854,-0.0299273294188512,1.0
-0.0743024246592357,0.03936093095974641,1.0
-0.0833441700675364,0.017123697605649864,1.0
-0.07718429053677907,0.03812347717555549,1.0
-0.08603045773223021,0.013524831965567662,1.0
-0.08471482856939459,0.024143510172981313,1.0
-0.08722091427093716,-0.01814877154149789,1.0
-0.08251111473603295,0.036168221928341356,1.0
-0.090654877703808,0.008903933101336114,1.0
-0.08042858839876411,0.04485750320827674,1.0
-0.08357224831923894,0.04101223344938386,1.0
-0.07990016616153857,0.0496956938853535,1.0
-0.04580130872672028,-0.083338569882527,1.0
-0.043928647731614145,-0.08546773422398588,1.0
-0.09625371173934255,0.012769856736966668,1.0
-0.09529506067951861,0.023282788934123482,1.0
-0.09860951225995185,0.009838472142943283,1.0
-0.08446843748952597,0.05371324890683956,1.0
-0.1010398831547542,-0.003517762915360023,1.0
-0.06381495279272383,-0.07970251598118162,1.0
-0.10081480906550205,0.021601484730811263,1.0
-0.10345700754699821,-0.011589308898225941,1.0
-0.06329870220152206,0.0839068377354207,1.0
-0.10146469055645288,-0.031039045141297555,1.0
-0.10189980808755635,0.03299032440841559,1.0
-0.08576203659723794,0.06581972437961443,1.0
-0.04039926610333752,0.1013543141109208,1.0
-0.11010762578109157,0.0007396575637898769,1.0
-0.09141865618449908,0.06315305466694408,1.0
-0.09000616661984759,0.06684321695309876,1.0
-0.10680096794363936,0.03725761136253427,1.0
-0.09433141024001583,0.06421538820391023,1.0
-0.11094922061099519,-0.030688111277478884,1.0
-0.11607084662405788,0.0032420650619306934,1.0
-0.11288570416643157,-0.031196745289748144,1.0
-0.05955675631892211,0.10200432640106122,1.0
-0.10650208453460165,-0.05335419879915219,1.0
-0.10131722419100403,-0.06452645457408855,1.0
-0.11976020304303966,-0.018105793236619303,1.0
-0.11086497696386888,0.051212982674428684,1.0
-0.1228930306104695,-0.007523727464890397,1.0
-0.11287353764554421,0.05163683461407069,1.0
-0.1243996438367526,-0.013454573604069361,1.0
-0.10539421508184314,-0.06928101557328428,1.0
-0.12317537368061288,0.03145049713817125,1.0
0.013874207970192762,0.12737473678409647,1.0
-0.12247143433133317,-0.0409277383014656,1.0
-0.12055135793699291,-0.049002253695433436,1.0
-0.12104087205386341,0.050442847304351994,1.0
-0.1320630823914641,-0.004271136973755802,1.0
-0.1161191373431315,-0.06512124907072583,1.0
-0.11813429530043822,0.06353152141876307,1.0
-0.1303592915451989,0.035608423944694184,1.0
-0.1250440816667578,0.05382402068030405,1.0
-0.13076010269406807,0.04133267382600268,1.0
-0.13795859764832547,0.007040635140296796,1.0
-0.13118253814482422,0.046377168156997925,1.0
-0.1295945970685206,0.05333384749993112,1.0
-0.1247729834071506,0.0659736639448079,1.0
-0.022485561199331098,0.1403523712315117,1.0
-0.08764837099957658,0.11317120875036613,1.0
-0.1413820021780151,0.028083157785112767,1.0
-0.14075071241492074,0.03544502946673245,1.0
-0.14273290218756965,0.03140087047335445,1.0
-0.08707094958577544,0.11862096210946665,1.0
-0.13277708943873492,-0.06571239091605047,1.0
-0.03846590915920094,0.14410358262191553,1.0
-0.1434370105140065,0.04439472496724612,1.0
-0.1511075231019537,-0.003631384902578132,1.0
-0.09590758624320038,0.11811863657160433,1.0
-0.14432156649795613,-0.05125596320750602,1.0
-0.1516476020166642,-0.02768588170129587,1.0
-0.15073131125254463,0.03678578501688908,1.0
-0.15566418196622925,0.012385780486125939,1.0
-0.154527980859473,-0.028626476856465254,1.0
-0.14274521932822137,0.06810143427945507,1.0
-0.08323248021244116,0.13566131424225605,1.0
-0.08488166697621746,0.1358174492245627,1.0
-0.0736839336096669,0.14333037987328423,1.0
-0.14142129290991826,0.0793510223550679,1.0
-0.14893527879943075,0.06663708083600928,1.0
-0.07020181232190369,0.14839669249157425,1.0
-0.15083540846509433,-0.06729198568332213,1.0
-0.15623062187133616,0.056596709869545646,1.0
-0.022968008295251873,0.16558179964490316,1.0
-0.1605247720694833,0.05012315170734704,1.0
-0.09351869480108119,0.14096971845076944,1.0
-0.10531767815588648,0.13366403212382075,1.0
-0.05606620871096518,0.16172863098687526,1.0
-0.08813436974217206,0.14790398825127807,1.0
-0.11687928825613532,0.12778176663203972,1.0
-0.08599802765415986,0.1514628079392757,1.0
-0.11791485827437648,0.12954701152781184,1.0
-0.14083180636307144,0.10585106219860724,1.0
-0.1421439458794103,0.10576790988907794,1.0
-0.09370916189654235,0.15154555801983188,1.0
-0.17770151430566264,0.02296410383182353,1.0
-0.06701572404259896,0.16725366979773096,1.0
0.040275996390247086,0.17664785458357768,1.0
0.011429153477723617,0.18182332621378494,1.0
-0.18233926758846986,0.01756331678311458,1.0
-0.05114677734228326,0.17694016183753306,1.0
-0.0746939394700732,0.16945314461086983,1.0
0.03704773012644919,0.18246304178938533,1.0
0.024790215888603626,0.18553837404495999,1.0
-0.1277635345624835,0.13817117430800832,1.0
0.08644378396967475,0.1682855356798885,1.0
-0.1531773373588434,0.11273425284373778,1.0
-0.05175264315137117,0.1840536213062744,1.0
-0.18179695809388308,0.06235146163043383,1.0
-0.1116830803542835,0.15764041188337818,1.0
-0.13175294192034467,0.14266235436886177,1.0
-0.1443457059716835,0.13139817881092053,1.0
-0.04364946501963674,0.1912790412077492,1.0
-0.13669487667598948,0.14213108482301223,1.0
-0.10731571249853288,0.16663092035977145,1.0
-0.1450139542595037,0.1365696673190091,1.0
-0.1455008560422028,0.13751225782157173,1.0
-0.2009729657198407,-0.009580731421868851,1.0
-0.0024184726589333923,0.20218773841511323,1.0
-0.06406871838814356,0.1928386401013631,1.0
-0.12272374176508172,0.16321225512151305,1.0
-0.1588422206094472,0.12991660861941437,1.0
-0.022653641900866106,0.20495807372871105,1.0
-0.07051416204105916,0.1948398821346845,1.0
-0.11675650559780444,0.17239076647507093,1.0
-0.16987661974642207,0.1221082604964635,1.0
-0.1654508458125269,0.12967015885137265,1.0
-0.0847971673821005,0.1934415057459978,1.0
0.07202276451193057,0.1996164933167096,1.0
-0.17905830755748497,0.11574971612644344,1.0
-0.04672456184017317,0.20905631990508464,1.0
-0.007448054149686574,0.21508629744712876,1.0
-0.08218767513548211,0.19998659507747518,1.0
0.02852171122392946,0.21533655389749903,1.0
-0.0058890129622397895,0.2181387409165655,1.0
-0.08057693136133498,0.20387354955333173,1.0
-0.10048877703733208,0.19595650303928078,1.0
-0.09537792155435626,0.19960431057113864,1.0
-0.036787120129712914,0.2191561631393121,1.0
-0.04935881901199921,0.21769775922573398,1.0
0.009803181044289021,0.22400982203994554,1.0
-0.1662533224663582,0.15194155075768623,1.0
-0.11934438572460611,0.19218538713590094,1.0
-0.13078160101636735,0.1858181520437916,1.0
-0.0442075159854155,0.22390582772807738,1.0
-0.07441464307924067,0.21681443777667514,1.0
-0.09242321550883295,0.21086466784853417,1.0
-0.10287430043049285,0.2070863602646196,1.0
0.02863305083491379,0.2304603178151299,1.0
-0.044325944002199205,0.22898242677712555,1.0
-0.05121190324527367,0.22856731492777974,1.0
-0.017798160999976158,0.23456095446854616,1.0
0.07303280084594145,0.22466368044626142,1.0
-0.02981869393381264,0.2353557992148033,1.0
-0.00533651809429898,0.23817846194290693,1.0
-0.1408408041685545,0.19338893834168705,1.0
0.032923189563869554,0.2379736048800998,1.0
0.08869141789592035,0.2243460917137314,1.0
0.06300095990118486,0.2339063551468375,1.0
0.050070039359681816,0.2380341709545323,1.0
-0.025280834100574186,0.2429323574034988,1.0
-0.01282203015017974,0.2449098320979139,1.0
0.012940927597275793,0.24590597020668087,1.0
0.0006907552264128725,0.2472462823351619,1.0
-0.005421575318861399,0.24818903940219805,1.0
-0.1061485555127298,0.22551645707991091,1.0
-0.06051848988861468,0.242822363327422,1.0
-0.05647520698789467,0.2448218581969221,1.0
-0.05844890596716528,0.24538729420566044,1.0
0.20105232988141397,0.1539973081992394,1.0
-0.18931430177767508,0.16972130375653594,1.0
0.014763496954694982,0.254827950768934,1.0
-0.2321316970927147,0.10854558524107848,1.0
0.03122779691983455,0.2553548924752768,1.0
-0.04292069966632474,0.2546667263282394,1.0
-0.1088186857650331,0.2353165041811364,1.0
0.037590438407613974,0.25753128355805976,1.0
-0.05566057955423362,0.2552632886247293,1.0
-0.021129259339216448,0.2614097331904376,1.0
0.2610156623629155,0.03432739118067003,1.0
0.074378542317372,0.2535812173838508,1.0
0.18500310513634055,0.1901039506327096,1.0
0.15125288437201959,0.2191353223935445,1.0
0.18847086231808832,0.18950072878379404,1.0
0.17421698495447327,0.2040007497854564,1.0
0.08881460441853196,0.25420052205844484,1.0
0.17368137918848137,0.20707679134840748,1.0
0.05828697587006967,0.2649353337345805,1.0
-0.016048694184967127,0.27179887722958634,1.0
0.1481736220596665,0.22961458928214518,1.0
0.2434313165414645,0.12636285710432923,1.0
0.030254300957317105,0.27360766519135143,1.0
0.13775850535630202,0.23948105360358476,1.0
-0.018952386629756728,0.27662880460164724,1.0
0.04139195798999763,0.27518267746222175,1.0
0.09618967902895269,0.26219165029241626,1.0
0.13435564210639253,0.2459788546769243,1.0
-0.04762167944692618,0.27722073307365286,1.0
-0.17975160746284427,0.21765258212347874,1.0
0.0757600752111059,0.27296488710411915,1.0
0.07953952444634023,0.2729304276585478,1.0
0.20415919117959458,0.19926544772539057,1.0
0.1569319750881491,0.23944141853598766,1.0
0.006264310017210053,0.2872189824104539,1.0
0.047473354550819906,0.2843526292684549,1.0
0.17090633417965986,0.2334080500642009,1.0
0.2612317771877339,0.126595462889312,1.0
0.010446009839011627,0.29110392862445394,1.0
0.04102953698958553,0.2893982744038103,1.0
0.17459692970920349,0.2356626148266738,1.0
0.2312772855716384,0.18198887007944062,1.0
0.013074818234941197,0.29500569579528274,1.0
0.2886549182632393,0.06685681237798616,1.0
0.217939677911184,0.20220776387727296,1.0
0.04110092472791036,0.29545319215430926,1.0
-0.11001114894471825,0.2783480153852629,1.0
-0.07652766323607002,0.29038558352658833,1.0
0.28377447986986437,0.10126459766594383,1.0
0.14501232781900106,0.26525102593163924,1.0
0.1721396477162982,0.24972151585076593,1.0
0.242298641619633,0.18409909800813068,1.0
0.18815537888282338,0.24043477877592268,1.0
0.21592619715063163,0.21725429953646325,1.0
0.1905365392293232,0.2411091212355526,1.0
0.192034987093511,0.2411982104078012,1.0
-0.2784990092611017,0.13457544599958332,1.0
0.1750819497577075,0.2562007017045829,1.0
0.05513152865717466,0.30639067723788743,1.0
0.016135170981619033,0.31189523349877796,1.0
0.010373459825400895,0.313141539292725,1.0
0.2957190673926501,0.10650690758490207,1.0
0.2681901923782375,0.16582451201351592,1.0
-0.2306074472628325,0.2165091620113195,1.0
0.18491598296683182,0.25786887969056954,1.0
-0.055315307307789975,0.31347530772685583,1.0
0.20683854078842973,0.2432748358031848,1.0
-0.08641440438348365,0.30844393060191727,1.0
0.2848589107396295,0.14867007939700447,1.0
0.22057658469844466,0.23502691282069146,1.0
0.16395040662925997,0.2786722726984846,1.0
-0.10379597479519868,0.3072664364435921,1.0
0.23004041673806902,0.23003907051847583,1.0
0.25730209139366955,0.20071000228708016,1.0
0.3048816969495096,0.11912317188707938,1.0
0.1670715607081717,0.28264214969712187,1.0
0.23372006397479841,0.23201883296862347,1.0
0.20735412166102102,0.2571427528948301,1.0
0.2522138734715264,0.21486882777704475,1.0
0.13653899372164294,0.30298825440424076,1.0
0.24803047697549999,0.2226925988945683,1.0
0.3038220008176597,0.13954081458102657,1.0
0.16542429205125092,0.29169263056135686,1.0
0.26740291968158564,0.20400443545646893,1.0
0.20534008823386496,0.26764141556559046,1.0
0.2928492349608756,0.1694466192415115,1.0
0.16821277045321173,0.2947128281560109,1.0
0.11130150924116397,0.32162636910492554,1.0
0.32292440562070535,0.11060623654758484,1.0
0.2570737085046013,0.22607827793959506,1.0
0.21940419327749186,0.26409553459011365,1.0
0.27864587892124415,0.20231040912949522,1.0
0.3190574429155594,0.1321580707784447,1.0
0.34634027503042997,0.0020507362847077023,1.0
0.3221003333183705,0.13000598057563878,1.0
0.3474904153024335,0.024433236993172257,1.0
0.05080471365328552,0.3456354278158149,1.0
0.14300218747128443,0.31983705596606665,1.0
0.1991114045578373,0.2894864775277526,1.0
0.35193290334505006,-0.01718754640313502,1.0
0.3452256727307216,0.07535135840633853,1.0
0.34919563535285514,0.060244640428897676,1.0
0.35274474969403846,0.04299500137249715,1.0
0.33304681395965746,0.1267662116926264,1.0
0.35281411264394746,0.056802137078616505,1.0
0.33121705481459496,0.13680634343934192,1.0
0.3556519507044326,0.051486300306984825,1.0
0.09564504191548445,0.3474357714398936,1.0
0.36014139712870025,0.02966829215044592,1.0
0.3234435282048517,0.1633730874998367,1.0
0.36336327245867756,-0.00025702695672815594,1.0
0.17025704803935926,0.32213960888343207,1.0
0.20200002435071787,0.3044467775669112,1.0
0.17907317859294397,0.31962026079883327,1.0
0.2832899204711293,0.233892290522564,1.0
0.33340568857121256,0.15663940003310017,1.0
0.30773623910481435,0.2042844540584285,1.0
0.2914216417383647,-0.22857742227700772,1.0
0.07421113799096916,0.3638810279093132,1.0
0.3377472409037441,0.15680556421293532,1.0
0.3708288096897572,0.043516317034996685,1.0
0.3494947222375566,0.13419989313072253,1.0
0.3564232338725555,-0.11776735878006932,1.0
0.012124901400435885,0.3761810248540474,1.0
0.2832074714395354,0.249413738749597,1.0
0.27853796962336447,0.25609919309194434,1.0
0.3302031635992348,0.1868009214306504,1.0
0.31918199203461295,0.2069108255726102,1.0
0.29708178599498264,0.23915302735780294,1.0
0.34057527203142246,0.17385272628621348,1.0
0.2596266506180635,0.28209363860841724,1.0
0.3810142753544129,-0.050788551216920746,1.0
0.30148201158656746,0.24006351650835825,1.0
0.38112119776392434,0.06356942818463547,1.0
0.33729413559629373,0.19052992940526367,1.0
0.19600819345622836,0.3353003554023697,1.0
0.3741776290344229,0.10777383030782242,1.0
0.3634753471014581,-0.14244412574281856,1.0
0.3720345225399076,0.12156288616922656,1.0
0.31104872953760526,-0.23920802131297125,1.0
0.2254525925754021,0.3223809710057325,1.0
0.2939753306146108,-0.26291717958275646,1.0
0.37872001397779803,0.11361632678685522,1.0
0.383871899874417,-0.09885579175169562,1.0
0.3507414327585886,0.18682917011183628,1.0
0.3982099152397678,0.012253458742164542,1.0
0.3983806263276328,0.02850888997144435,1.0
0.39623174051078935,0.05762715030774478,1.0
0.40061795191051036,-0.025066743985547774,1.0
0.37902347284485005,-0.13516249661742052,1.0
0.33740138103033784,0.2211212652737629,1.0
0.3152532529657054,0.2532949047971988,1.0
0.3899189486420833,0.11098088223551619,1.0
0.35671234214188885,-0.19473693058025024,1.0
0.40187741187700815,-0.06689799274614143,1.0
0.3432229603979396,0.22134910777855807,1.0
0.2876272592059768,0.29135309209723387,1.0
0.3219108986828131,0.25457823607383484,1.0
0.3988465461076599,0.10089986173191681,1.0
0.3963169719996854,-0.11409143533511297,1.0
0.37805055685519817,0.16729742033756667,1.0
0.41309042045575806,-0.03310002118016004,1.0
0.3122848960775997,0.273949103022012,1.0
0.28575698271058303,-0.30289532629810234,1.0
0.3898440781027187,0.14919415247142837,1.0
0.39953515629842684,-0.12428045603940434,1.0
0.41762003174905,0.038809257504432045,1.0
0.4183349697103638,-0.04182323545485282,1.0
0.4213764094582352,-0.006159219507128679,1.0
0.4212373741076908,0.031619260270993294,1.0
0.07336825684731947,-0.41701857799239295,1.0
0.424223276783511,-0.013065354303061645,1.0
0.3751472810622967,-0.20062729153824102,1.0
0.3165408907512192,-0.2857295253158783,1.0
0.40211683597299913,0.14490084866657207,1.0
0.42182314387283304,-0.07494100065312873,1.0
0.3663683126880113,-0.2240176205529933,1.0
0.3527147676963281,-0.2467035631875854,1.0
0.3824354351909451,-0.19969030506583518,1.0
0.19996166400882345,-0.38342292777852066,1.0
0.4110966256646645,-0.13734666208183327,1.0
0.3580198373853176,-0.2460794056010329,1.0
0.34884104853728154,-0.2606030339199013,1.0
0.4136199479083322,0.13926701598599778,1.0
0.4295632620137818,-0.08262515113396787,1.0
0.40546019574681214,0.1668241408348719,1.0
0.3882292266912562,-0.2058763912583421,1.0
0.4203371331635752,0.13154647870314143,1.0
0.44126293979268133,0.012552457425462158,1.0
0.42846079089220535,0.11034792948877602,1.0
0.3806587701827695,-0.22746645514431338,1.0
0.4323664922334669,-0.10290811722725399,1.0
0.36578388376850407,0.25421210679926487,1.0
0.44478916031996596,0.0384321793100438,1.0
0.24703044006778266,-0.37307530058575833,1.0
0.4066514675388162,-0.18905183115840973,1.0
0.34429422791332914,0.2889053343847735,1.0
0.28282476572656345,-0.3505934400452014,1.0
0.2440441995002253,-0.3798036883811378,1.0
0.4512563102258035,-0.03287802019027625,1.0
0.20300069298835816,-0.40547595871408904,1.0
0.45225199041438,0.04468767547912214,1.0
0.3028603681204115,-0.34016947147871046,1.0
0.4000630041416717,-0.21977736316082622,1.0
0.40458043406511046,0.2134994092617783,1.0
0.42240150063836773,-0.17821652670434665,1.0
0.40670506958343094,-0.21376150556616882,1.0
0.1709940004144598,-0.4275334928046211,1.0
0.4263098211793638,0.1766539464041682,1.0
0.39487076528395415,-0.2407251709126175,1.0
0.27820967714378925,-0.37067203497040035,1.0
0.43229678692746876,0.16984324173321821,1.0
0.3732387709681684,-0.2781203325669549,1.0
0.34296155167867354,-0.3161777006809108,1.0
0.22318530418517862,-0.4107482843983856,1.0
0.38221503989415667,0.27087703709967853,1.0
0.46310833704767657,-0.07702110698296089,1.0
0.36837880142354945,-0.29264231110086414,1.0
0.39087496423244933,-0.2636325297601872,1.0
0.26315764605248765,-0.3924006760549284,1.0
0.45315058708997996,-0.13722855206932155,1.0
0.40769826193474146,-0.24271002068975173,1.0
0.47377447745149603,0.04018298513290574,1.0
0.2536265780408162,-0.40336508468971877,1.0
-0.08095869009817064,-0.4705639510160584,1.0
0.43874730410247464,-0.1908990767654218,1.0
0.41029302229940584,-0.2481132948762155,1.0
0.300434582960661,-0.3749674032286101,1.0
0.2570125186119997,-0.4071473717050359,1.0
0.2753789437996481,-0.39617645464394935,1.0
0.14431884410019977,-0.4614415998140025,1.0
0.44005158244045733,-0.20268157414487906,1.0
0.4482275014162561,-0.18651612153167266,1.0
0.36037793437741755,-0.32679786711028597,1.0
0.17735234189059368,-0.4540817077165576,1.0
0.32129910070463646,-0.3679509359577171,1.0
0.3311497679018128,-0.36047162376427994,1.0
0.49025714855460867,-0.01512777421520727,1.0
0.22489455768861613,-0.43701982121017413,1.0
0.33011059787571856,-0.3654802981442412,1.0
0.4305265675787219,-0.24121090922530206,1.0
0.2677982356463113,-0.41570291082705735,1.0
0.3720629746900228,-0.3272383365700572,1.0
0.32249024693574885,-0.37750339291801777,1.0
0.2933309820779806,-0.4018217203803697,1.0
0.3029117042928183,-0.39591066215457965,1.0
0.3775418820630349,-0.32705026721981434,1.0
0.307331746292412,-0.39502904794724664,1.0
0.1941601974711937,-0.4623911479756156,1.0
0.38386465221828986,-0.32427872856326684,1.0
0.2724470224464495,-0.4234246072211278,1.0
0.3510375061334748,-0.3623499197639296,1.0
-0.06572436654516983,-0.501214648367955,1.0
0.3624913041367787,-0.35376389804309194,1.0
0.2307984142046937,-0.4519911085155121,1.0
0.23964606186479845,-0.44849823662779437,1.0
0.18383214077005888,-0.47519015593814456,1.0
0.25695732850115394,-0.44112800032558824,1.0
0.3782128053299403,-0.3443822008949474,1.0
0.3899258490315816,-0.33260623526760363,1.0
0.4260998429144744,-0.28659213602130407,1.0
0.02367419328972811,-0.5139695693503528,1.0
0.17916582232242298,-0.4833796177423679,1.0
-0.22346785512875617,-0.46567309301537935,1.0
0.33615286612796574,-0.39347888320905866,1.0
0.28299096244398675,-0.4344854073748223,1.0
0.302998152492249,-0.4220102495770407,1.0
0.1378344082134288,-0.5019395264326246,1.0
0.4100792894640241,-0.3222106046715471,1.0
0.3305075266385647,-0.4047154078838097,1.0
0.04236009363949286,-0.5218069587015285,1.0
-0.04207948561250245,-0.5228339064351754,1.0
0.12007130396752866,-0.5116248234228058,1.0
0.425630246919462,-0.30995011863744604,1.0
0.43747798932432524,-0.2947851779789002,1.0
-0.18348480016042365,-0.4956568708074377,1.0
-0.0032609893187041643,-0.5295194883971959,1.0
0.2309838069746932,-0.4776077100932144,1.0
0.14778088012391136,-0.5105747550379451,1.0
0.22306105849360708,-0.4835645379773256,1.0
0.223277929114615,-0.48456681456231304,1.0
0.3719976131708384,-0.3838553691239067,1.0
0.16275263579662863,-0.5102057323889873,1.0
0.2405784879064283,-0.47957631946883983,1.0
-0.003909528992393992,-0.5375233202801318,1.0
0.15566015539927974,-0.5155518145757,1.0
0.23051101668141488,-0.48781921437663645,1.0
0.2560042151146695,-0.4760734374142101,1.0
0.0031044447685778854,-0.5415326431877103,1.0
0.0647946427713429,-0.5386595072368635,1.0
-0.06175270372335137,-0.5400242469655673,1.0
0.13304871926186923,-0.5280405280809435,1.0
0.29500020881037686,-0.4589061113849117,1.0
0.2554426868904052,-0.48317922270744085,1.0
-0.4522067138704382,-0.30873516928888006,1.0
-0.05254941460793368,-0.5460257037347992,1.0
0.2918491075035764,-0.46564880098576306,1.0
-0.343403753213294,-0.4303251921402434,1.0
0.08201649357226419,-0.5454194796677458,1.0
0.042253309385874266,-0.5509346432910921,1.0
0.35675426687458595,-0.4232587030629654,1.0
0.156033927936714,-0.5321505118947466,1.0
-0.09125148049290294,-0.548010166526585,1.0
-0.41542212994400235,-0.3703777188207735,1.0
-0.26185479140268975,-0.4922423165565949,1.0
0.09380592147646175,-0.5506252014165048,1.0
0.43125361667068984,-0.3565490412312702,1.0
0.13987270070383295,-0.5428294111908325,1.0
0.2910663703739712,-0.48024135126078193,1.0
0.03446698738829393,-0.5615057110816704,1.0
-0.1520214272442024,-0.5426724388018046,1.0
0.012714665293604677,-0.564421371714828,1.0
-0.0268461357758965,-0.5649280431589497,1.0
0.20677948922912404,-0.5274845184317454,1.0
0.1597110327272251,-0.5446332066444063,1.0
0.2763181023359685,-0.49690896901299764,1.0
0.4239188254337264,-0.3803975867727799,1.0
-0.18195178108724136,-0.5407812176475872,1.0
-0.15578248615197918,-0.5499326126327703,1.0
0.012753258198134557,-0.5724305244024864,1.0
0.1859837547870479,-0.5425833459085072,1.0
0.23371815414599686,-0.5248921471789624,1.0
0.44057796103651364,-0.37037589479886973,1.0
0.08825284501181195,-0.5697824005741894,1.0
0.01086785103631955,-0.577475322359523,1.0
-0.10902915318144968,-0.5682128257497752,1.0
-0.10552584070194372,-0.5698919073032975,1.0
-0.4373816671365461,-0.3817998006811157,1.0
0.2534549589396511,-0.5234479151012387,1.0
0.10769391992253172,-0.5725421252102861,1.0
0.06546894021077579,-0.5798996610586483,1.0
-0.32879513281176515,-0.48335587011354797,1.0
-0.09521279608651621,-0.577793216909822,1.0
0.046511154914797,-0.5847397164822951,1.0
-0.3457310208607686,-0.47510970764821425,1.0
-0.1957101287074391,-0.5550982544901617,1.0
-0.12854955342358132,-0.5754049847429361,1.0
-0.5868981588847682,-0.06593782519777291,1.0
0.07160686712633033,-0.5872419159275201,1.0
0.2516179851457579,-0.5365206150249956,1.0
0.024319657026570195,-0.5930951935713746,1.0
-0.019239464955994302,-0.5942832446816227,1.0
-0.3895712130120179,-0.45052012550519566,1.0
-0.5300554427527596,-0.27380417578776645,1.0
-0.33289661024769307,-0.4962889637499666,1.0
-0.11804587964883899,-0.5868436355130197,1.0
-0.16383575166624817,-0.5767820440304602,1.0
-0.3091838322119946,-0.514904301147803,1.0
-0.18721216912548186,-0.5717307852310772,1.0
-0.30028585392370066,-0.5224541153027163,1.0
0.4895799485204094,-0.35305634718839063,1.0
0.13175637103211152,-0.5900737128541983,1.0
-0.22971124757455044,-0.560348902273107,1.0
0.13119501898583852,-0.592249476295326,1.0
-0.07563616528583147,-0.6028815599464747,1.0
-0.2642443738943327,-0.5482511735853365,1.0
0.5139226382899128,-0.32788320783705305,1.0
-0.4908573039236272,-0.36318648787515573,1.0
0.18866992461658308,-0.581783828413377,1.0
-0.21692725370473478,-0.5729195229106551,1.0
-0.07448349822282906,-0.6090762475293606,1.0
-0.44173719976045694,-0.4273398774344157,1.0
-0.30840414679953115,-0.5327940206371,1.0
-0.43907954766772583,-0.4329263248032265,1.0
-0.416811865776114,-0.455762427301655,1.0
-0.43236163659693994,-0.4424391602252491,1.0
-0.3331329698334301,-0.5224470283459569,1.0
0.3154459810290941,-0.5344752452566132,1.0
-0.5385686875753464,-0.3104145763827198,1.0
-0.5277414147073587,-0.3303754370472301,1.0
-0.10439792128328268,-0.6148231436544891,1.0
-0.18133264888957581,-0.5977243446055573,1.0
-0.5120180579102388,-0.3595065115033145,1.0
-0.29749192966000426,-0.5515065557041301,1.0
-0.5184984757846978,-0.35366052871423054,1.0
-0.45887726385136857,-0.4296575490455065,1.0
-0.07701434985609663,-0.624901800624536,1.0
-0.6270623888269539,-0.06699069195209907,1.0
0.022371727644207317,-0.6312353157736428,1.0
-0.061754856104514304,-0.6296112972455357,1.0
0.06609582505605138,-0.6301768986418986,1.0
-0.2318671662876001,-0.5907611502761456,1.0
-0.44029632774714916,-0.4584449858623099,1.0
-0.1287029874505653,-0.6234915782344687,1.0
-0.3769793040469421,-0.514264874604897,1.0
-0.09192066721337483,-0.63198884618422,1.0
-0.6098455120490519,-0.19294382610479607,1.0
-0.4786247045847894,-0.4258389632262101,1.0
-0.2803300513291568,-0.5771646720047695,1.0
-0.47784192940259956,-0.4297169494533818,1.0
-0.49145630160568077,-0.41562945470085727,1.0
-0.3950235209575622,-0.5094341328958147,1.0
0.07191450642716353,-0.6416280881527242,1.0
-0.5411822568045227,-0.3539401793231685,1.0
-0.28945629192137123,-0.5793639016806806,1.0
-0.04659734290643547,-0.6469727637449495,1.0
-0.18030859603349442,-0.6241261711275555,1.0
-0.563124372383221,-0.3259405013497379,1.0
0.2143046015317284,-0.6154050803029275,1.0
-0.37932305699611424,-0.5311021591423506,1.0
-0.5810617142555269,-0.29938333814893414,1.0
-0.5126782064907403,-0.4071041309670574,1.0
-0.5858789689533132,-0.29433004014447856,1.0
-0.5943126951195746,-0.2792675870043027,1.0
0.3674396806351561,-0.5454371419059132,1.0
-0.634257871525551,-0.1776180763151686,1.0
-0.6012521978776791,-0.2713791833018113,1.0
-0.6565076837382307,0.07396059584159609,1.0
-0.38846014726772005,-0.5356256794605841,1.0
-0.602234531198337,-0.2764694809911015,1.0
-0.5888866324253953,-0.3060424686512543,1.0
-0.07616383725783184,-0.6602864426504255,1.0
-0.40265438728997316,-0.530075676523881,1.0
-0.6341624903566173,-0.20562679851891288,1.0
-0.6676651371181792,-0.0018382398499772626,1.0
-0.5940374189106755,-0.30698099842347326,1.0
-0.5865145895072382,-0.32319978770203484,1.0
-0.3083325834670791,-0.5955922820775668,1.0
-0.669256696514831,-0.05690613935484788,1.0
-0.6664735534899312,0.09111271623160185,1.0
-0.36901913482626214,-0.563614315585632,1.0
-0.39840565628862207,-0.5444803482997439,1.0
-0.18864496102693104,-0.6488071341923796,1.0
-0.24977755207722657,-0.628889894366653,1.0
-0.37461673521460254,-0.5647205826953386,1.0
-0.6469865423327595,-0.2049711270724186,1.0
-0.35771497036503086,-0.5779311956852796,1.0
-0.3642112931892535,-0.5750446269337071,1.0
-0.6466120375503385,-0.21583046132407993,1.0
-0.6384522444914554,-0.24173203498636098,1.0
-0.4629441374423195,-0.503096516528467,1.0
-0.6752779152451077,0.1131055021826399,1.0
-0.683281571158141,-0.057368580860181366,1.0
-0.6398362205629139,-0.24929544024812395,1.0
-0.6791540864180307,0.10800038286473289,1.0
-0.4499464161393498,-0.52138309574736,1.0
-0.5912835909673984,-0.35504307219964,1.0
-0.6269813394992078,-0.2897378645026613,1.0
-0.5470907348801657,0.42323648727820523,1.0
-0.5531783632810915,-0.416913498111426,1.0
-0.6545875025589771,0.22962173713305384,1.0
-0.6452597034420301,-0.2573725586593458,1.0
-0.6562641169331609,0.2308893887459026,1.0
-0.6578613860682839,-0.22935711000185982,1.0
-0.680614154845003,-0.15344852425908287,1.0
-0.5788650272973705,-0.3912737554900269,1.0
-0.5860506026183692,-0.38226216256712653,1.0
-0.6942334694253993,-0.0949808501332037,1.0
-0.6258566436872723,0.31731489048509304,1.0
-0.07282490013303496,-0.6989188953707695,1.0
-0.6156865841565898,-0.34077695446714185,1.0
-0.6934645671316922,-0.12536193587289468,1.0
-0.4058328104309158,-0.5773389585359128,1.0
-0.6584528055178809,0.2566598375474254,1.0
-0.4703743382825303,-0.5287704430413731,1.0
-0.7052243654862189,0.07018994318365888,1.0
-0.7087667706645877,0.036572351003622494,1.0
-0.6828263628969726,0.1971240027287781,1.0
-0.65323198880317,-0.28252704187717975,1.0
-0.6281195228870255,0.3367866918844765,1.0
-0.4566800299528739,-0.5484802780276271,1.0
-0.7137095301108735,-0.037892348286325934,1.0
-0.6014945642245623,-0.3878830686312088,1.0
-0.675975042215842,-0.23820284280940243,1.0
-0.7120215190576499,-0.09024454955711411,1.0
-0.5818517424079773,0.4219065613302044,1.0
-0.7197191436613989,-0.0009106045983352839,1.0
-0.7165062980161662,0.07782725858825991,1.0
-0.7172366727516469,-0.08033553924081978,1.0
-0.6449140198583359,-0.32621165051222123,1.0
-0.7212142317979119,0.060216776173094434,1.0
-0.6226556198264791,-0.37084485398321376,1.0
-0.7110831205053022,-0.14504697415862572,1.0
-0.3786589798836948,0.6202814782760985,1.0
-0.7226829935388559,-0.085539093714394,1.0
-0.6767066009405911,-0.27039551830239483,1.0
-0.5302475877524782,-0.5013411753826952,1.0
-0.4081461710065847,0.6061221856415845,1.0
-0.7313951928657125,0.02219006705816862,1.0
-0.6620554840144157,0.3139741927363077,1.0
-0.6530379225639951,-0.3345245337970704,1.0
-0.7266196541423494,0.10889907547712907,1.0
-0.7239641930388324,0.13108363756104913,1.0
-0.6694888820588254,-0.3075152940214845,1.0
-0.7356487536057523,0.05547865355880843,1.0
-0.7175585382040538,-0.17562650245268793,1.0
-0.4591536070891091,0.5799938341459139,1.0
-0.729990008355161,0.12574351949413964,1.0
-0.7147684737949567,0.19820908231183826,1.0
-0.6262892076742068,-0.399285124000164,1.0
-0.7417226115485682,0.05479346562804148,1.0
-0.7400160479262802,0.08379131002964717,1.0
-0.7457016827231786,0.008106644293309899,1.0
-0.736165779929359,0.12526231770907204,1.0
-0.7027918319300497,0.2553631438446711,1.0
-0.24337762039265637,0.7080904057003067,1.0
-0.7318749319992193,0.16273835184415042,1.0
-0.6980098172834603,-0.27642175154775006,1.0
-0.7406720576881383,-0.1285908209082072,1.0
-0.4723989017545637,0.5860682420997823,1.0
-0.6910237948554282,0.3010495577832285,1.0
-0.5790641499995094,-0.484086201012026,1.0
-0.6889758757174625,0.31061069691385246,1.0
-0.7466932845542622,0.12300377107460062,1.0
-0.62830522764334,0.4235910296006225,1.0
-0.1639966344020477,0.7408238372905757,1.0
-0.753547812309648,0.0969566249080039,1.0
-0.6882067006869468,0.3242352112940215,1.0
-0.7315176938838912,0.2125155175914847,1.0
-0.5477448503289829,0.530831999031297,1.0
-0.5986607992226645,0.4742787516984827,1.0
-0.32240501176635017,0.6934840688967884,1.0
-0.7430182807945883,-0.18525939226901253,1.0
-0.7337449620847938,0.22259740616895313,1.0
-0.16316763395765804,0.7502290773168957,1.0
-0.5932393732038381,-0.48895037162780225,1.0
-0.7502838839822923,-0.1721034336898904,1.0
-0.5864230394950406,0.5001955615796345,1.0
-0.30950502060769775,0.7069924397915217,1.0
-0.7201969741430623,-0.2801679438731291,1.0
-0.607188606206252,0.4796330362614905,1.0
-0.7412026163417624,0.22559838907986243,1.0
-0.739052243637964,0.23585977922104084,1.0
-0.7720839084041421,0.08525608085704468,1.0
-0.42861917143044176,0.649017624943437,1.0
-0.7694631630082525,0.12009507504265789,1.0
-0.7192961981893524,0.30111373967945326,1.0
-0.7671434775052712,0.14529113034788083,1.0
-0.7679182455296938,0.14657531343474753,1.0
-0.5984642302357318,0.5045685782423538,1.0
-0.6363457734664673,0.45758177008463596,1.0
-0.7664959380106864,0.16843733387470533,1.0
-0.5026041545726113,0.6040267915824061,1.0
-0.7784027214733488,0.11455414032308495,1.0
-0.3545536874595588,0.7034922041475699,1.0
-0.7853497261351359,-0.07357690519688624,1.0
-0.6070493884608086,0.5052315825693783,1.0
-0.7112351601522049,0.34567994122134377,1.0
-0.6547339376100929,0.445261397934336,1.0
-0.4822548865053797,0.6292460859996505,1.0
0.08253896342222108,0.7894909160862645,1.0
-0.26045876394550854,0.7509061180446446,1.0
-0.6559875153469692,0.45052339374906347,1.0
-0.0815409761389207,0.7926135278910826,1.0
-0.009324113800101237,0.7977433090116511,1.0
-0.3937212224017533,0.6950274239142459,1.0
-0.6669131991553306,0.44148216787567085,1.0
-0.7159446048914131,-0.3587551327717586,1.0
-0.7982424965998978,0.07546552851851,1.0
-0.6101771984698723,0.5217050188137871,1.0
-0.6255943846267579,0.5047100364892024,1.0
-0.02849955272599092,0.8043000368838226,1.0
-0.4106085603166205,0.6933423446357913,1.0
-0.7033884622735498,0.39519855092123896,1.0
-0.5760518369627824,0.5663194641605216,1.0
-0.5284877017851047,0.6122682731194083,1.0
-0.7254465032881208,0.35988789772822144,1.0
-0.73619688525875,0.33974743128241514,1.0
-0.7566500036324031,-0.2941414452270556,1.0
-0.6432303469622485,0.49690984033273294,1.0
-0.6135360418422426,0.5346648005196701,1.0
0.18547957120620767,0.7934232862141508,1.0
-0.48988235685417386,0.6523578172891201,1.0
0.2608959199012385,0.7740303813246893,1.0
-0.35345050764438607,0.7374948961085922,1.0
-0.6252445637887346,0.528709271248841,1.0
-0.7258814271314338,-0.3810520839925097,1.0
-0.783238169199027,0.24552961166165369,1.0
-0.3125808476050933,0.7600554720104445,1.0
0.1493010835502239,0.8091641268672553,1.0
-0.3597054715434834,0.7411461842588053,1.0
0.02003092729359382,0.8245815627329183,1.0
0.07357632870463757,0.8225416818953641,1.0
-0.4987739820662877,0.6594445514023587,1.0
-0.4734989824428347,0.6790416969168682,1.0
-0.806595816136394,0.19068407612863872,1.0
-0.6535383534346116,0.5113757591687162,1.0
-0.7560544893317896,0.3444727545398845,1.0
0.20594258379477506,0.8059353873783139,1.0
-0.13335829828752596,0.8220864259445089,1.0
-0.459567184640676,0.6957563260563805,1.0
-0.4984467852490464,0.6697014287939043,1.0
-0.29151627179881895,0.7833516501188387,1.0
-0.4317233355876798,0.7168757584101518,1.0
-0.06229082189745503,0.835519057843759,1.0
-0.39687755363060256,0.7390120465653315,1.0
0.31993718268251736,0.7765121735809305,1.0
-0.795655815239495,0.2719285628644163,1.0
-0.5629503556623081,0.6259269795553993,1.0
-0.4031961396791958,0.7401465602697883,1.0
-0.5288943682210954,0.6575280830939176,1.0
-0.4861604342050246,0.6909492340790978,1.0
-0.404371437130404,0.7429259288568183,1.0
-0.5768472650647241,0.6199974312864489,1.0
-0.7998739400067906,0.2811541449067407,1.0
-0.548240203110933,0.6480563616576097,1.0
-0.5744927861214385,0.6262609727455795,1.0
-0.3715107163644416,0.7654586585962668,1.0
-0.1274717576461617,0.8422603685951439,1.0
-0.21790553389999961,0.8245454304736677,1.0
-0.4802866887778175,0.7059682006464018,1.0
-0.29870979752605703,0.8009677145371447,1.0
0.1554679429050837,0.8416168752654745,1.0
-0.36559500550851953,0.774947717649286,1.0
-0.2604128949312219,0.8173770417879456,1.0
-0.519635149285071,0.6838258923642941,1.0
-0.6706993054022014,0.5380719471699137,1.0
0.12785702873905708,0.8513131045415209,1.0
0.4212972245975881,0.7518740037256006,1.0
-0.764331113138239,0.4004126241725606,1.0
-0.6387613588372085,0.581588085973438,1.0
-0.6376289028805443,0.5843120884331202,1.0
0.09416020539826873,0.8607308251660338,1.0
-0.2558324118560399,0.8282559640084096,1.0
-0.632383318568458,0.5943786457081572,1.0
-0.09906196770183841,0.86320324248957,1.0
-0.3242940857946824,0.8071597960912174,1.0
-0.6592836358392976,0.5690001416923423,1.0
0.16592104632765067,0.8559385301217017,1.0
0.35768888365623785,0.7962196397389961,1.0
0.45513146356642437,0.7459965806297075,1.0
0.20646566084311743,0.8501635004985469,1.0
0.43080151976019804,0.7626064519223767,1.0
0.31919102928204646,0.8167191341135661,1.0
0.22563789859729025,0.8483849993864608,1.0
-0.5286798327469082,0.7020866885122493,1.0
-0.18383366767933038,0.8604613795197303,1.0
0.7879524612378068,0.3938045773359666,1.0
-0.611266751568785,0.6356639143588968,1.0
0.4437874111687293,0.7632397517004388,1.0
-0.38379681655672043,0.7962102258766752,1.0
-0.022593880212087736,0.8845963916242807,1.0
-0.7031444363538684,0.5388707678436655,1.0
-0.3722026419950117,0.8050053064569493,1.0
0.7617815038460333,0.45610727011974994,1.0
0.601984447571164,0.654016958245399,1.0
-0.22878207648339993,0.8599783588022342,1.0
0.2137361796363041,0.8648719124742362,1.0
-0.2613061082970335,0.8527545160180374,1.0
-0.042749184058704315,0.891868950822347,1.0
-0.8710061768822112,0.20098391322148698,1.0
0.17953564055960022,0.8767005342064068,1.0
-0.8146760381795138,0.3727363801659844,1.0
0.3802814419349024,0.8122869373461538,1.0
0.2417031906947828,0.8647544175414343,1.0
-0.3036477059008555,0.8460598685334273,1.0
-0.24817341637489318,0.8650027660329553,1.0
0.3036356394538602,0.8481909170095494,1.0
-0.3245244219350033,0.8414932799624841,1.0
-0.32630271425174145,0.841878964425668,1.0
-0.20934536926175018,0.879327461109557,1.0
0.5146784829229153,0.7442841837209234,1.0
0.023485015146953194,0.9056014379509054,1.0
-0.053182748174548586,0.9053461951607549,1.0
-0.09294895105778288,0.903137454510094,1.0
0.611456315352502,0.6724853746435864,1.0
0.3013844101123961,0.8585473088266385,1.0
0.5397421271118391,0.7337827497545392,1.0
0.4549396508463697,0.7903247744912352,1.0
0.14769623299498436,0.9008861245031088,1.0
0.28369344748626313,0.8687673278265059,1.0
0.5420847009736587,0.7370301747581743,1.0
-0.3082889579697421,0.8624731204055125,1.0
-0.36876586572711784,0.8394929236169615,1.0
0.558622280071965,0.7283642304794795,1.0
0.07809014167323419,0.9155948390639654,1.0
0.7033698941032561,0.592894131472598,1.0
-0.8088186632597342,0.4403495345206735,1.0
0.19706147305884933,0.9006146822898718,1.0
0.3242174406898985,0.8641005571165219,1.0
0.9232299788025442,-0.03580256190881556,1.0
0.6536678740895233,0.6543733086936395,1.0
-0.052231136905697126,0.9244515826366039,1.0
0.45365560486293777,0.8083255037660501,1.0
0.606848642295003,0.7019864420153207,1.0
0.2209557145577869,0.9022679907905992,1.0
0.9256924481178382,0.08867449507658696,1.0
-0.6667674231649116,0.6496565258426591,1.0
0.4018554321924729,0.8408384728185216,1.0
0.25525737871503323,0.8973335656055526,1.0
0.6925945939034595,0.6265343737170497,1.0
0.6907887791678736,0.6300112658814521,1.0
0.2956665061788548,0.8880075412406505,1.0
0.006986447941127887,0.936910888687892,1.0
0.8715431022631993,0.3466124584037761,1.0
0.14716463262305512,0.9273342989239112,1.0
0.8359667997216379,0.4297052483475864,1.0
0.7488360383412515,0.5697494554803918,1.0
-0.39123339776155036,0.8568494911390853,1.0
0.8397236070266729,0.42895880623669647,1.0
0.6861288229624531,0.6482726337032948,1.0
-0.002121059476042055,0.944942564436434,1.0
0.4895561765796239,0.8094124304854173,1.0
0.45656318407281915,0.8296135119930442,1.0
0.8690368260308825,0.37865592167678414,1.0
0.8060472684170239,0.5007912826605203,1.0
0.8369718270854106,0.4493139971948593,1.0
0.7574274937637339,0.5749880892725578,1.0
0.03564587762972484,0.9512843372163435,1.0
0.7537165204097994,0.5831215459945699,1.0
0.4504584251344889,0.8409015123602399,1.0
0.8995975254440663,0.32041107691203874,1.0
0.6527640014936741,0.6983916867214502,1.0
0.28310651461297387,0.9141210635643471,1.0
0.918070097471112,0.2735520889051362,1.0
0.86649541224802,0.41083815003086577,1.0
0.564566724393441,0.7763939325071959,1.0
0.6914887057741167,0.6673000361740217,1.0
0.2013565041366331,0.940652100674623,1.0
0.22114952837186605,0.9372249218513717,1.0
0.7783443631011703,0.5686884702978882,1.0
0.9352748053850307,0.23752562392682838,1.0
0.9185455620234716,0.29893861893630674,1.0
0.6908736448411444,0.6765491276095237,1.0
0.30134189519248245,0.9198668649396171,1.0
0.9667940275655306,0.06488583118375629,1.0
0.4191460057460652,0.8747333127934844,1.0
0.7970117371811447,0.5545781435143328,1.0
0.9684148873318503,-0.08307900031369773,1.0
0.3823833636373773,0.8946839494196992,1.0
0.7885258461319504,0.5717099718918212,1.0
0.5795497825756023,0.78402694554717,1.0
0.8220621006141142,0.526063692356894,1.0
0.6569549452838755,0.7231142464439022,1.0
0.9212686451363264,-0.3281844129427414,1.0
0.6814038935810963,0.702914344067075,1.0
0.887809948867419,-0.4149147573340733,1.0
0.9213033767959471,0.33693289087115397,1.0
0.9183221390556606,0.3478118196057998,1.0
0.9245290240264631,0.3339185957187754,1.0
0.9813628940270234,0.07177291246632476,1.0
0.8254497698880137,0.5374272955830364,1.0
0.9115491380797273,0.37582779757072676,1.0
-0.13163010253830357,0.9781701429646105,1.0
0.848065260257382,0.5068585391932658,1.0
0.8119610187935564,0.5646401724117692,1.0
0.8902477291236187,0.43305791884067935,1.0
0.21702176401455375,0.9669357259763017,1.0
0.9307630259254968,0.34311558073957127,1.0
0.9686056840757233,0.21871925591813443,1.0
0.9786067246698487,-0.17422094744055044,1.0
0.7001005270367823,0.7070178866958812,1.0
0.748017061448237,0.6576309754128074,1.0
0.9643634039674754,0.2529945396827643,1.0
0.6073626455130988,0.7919031638043518,1.0
0.6843558114257247,0.7277747751666309,1.0
0.9366661845347877,0.3502234411758342,1.0
0.0,0.0,2.0
0.000781019914323498,0.000626107736284357,2.0
0.0019997162621825295,9.563935791689424e-05,2.0
0.002461931542287813,0.00171956974767917,2.0
0.003277059500598537,0.0023006366713622904,2.0
-0.0001373432879782035,0.005003120218560862,2.0
0.004445845974489496,0.004038138397243927,2.0
0.004990349936928503,-0.004918796062375729,2.0
0.007461100000280323,-0.002908638692264364,2.0
0.007839905564344208,-0.0044382568725311764,2.0
0.008388619209686208,0.0054618099706401505,2.0
0.00636804230584649,0.008982783570561802,2.0
0.007062624111819959,0.009716366256572474,2.0
0.012885425292888613,-0.001817779606616936,2.0
0.012119261434817152,0.007036767088623499,2.0
0.01490727341469485,0.0017955153134012836,2.0
0.015725177982639556,-0.003038346003928731,2.0
0.01649512219764723,-0.0041820822376099145,2.0
0.016427236260384132,0.007402356526346375,2.0
0.01880985593589931,0.0028128995923282977,2.0
0.008995537749299601,0.017885231399199963,2.0
0.020478451914161474,-0.004745137718294775,2.0
0.022022022017574597,4.425861204619997e-07,2.0
0.021547127867696376,0.00811054065841424,2.0
0.009757465188815897,0.021953259516434672,2.0
0.024670591687390653,-0.004196877803460564,2.0
0.021362946433034168,0.014865347301919882,2.0
0.02671878893828718,-0.0040701974879496965,2.0
0.018082212550919102,0.02141504014479796,2.0
0.028980641421640342,0.001675395224570623,2.0
0.029813275032326867,-0.0036015740241373286,2.0
0.030966282398116433,0.00200355715888399,2.0
0.029409922744467486,0.012692813725316393,2.0
0.02242627203927314,0.024253733604993007,2.0
0.033166502226637716,-0.00763535216478075,2.0
0.03242994946726693,0.013257151181782821,2.0
0.029077854311266586,-0.02128554161498464,2.0
0.03277806634762954,0.017243563407638496,2.0
0.03286435387340949,-0.019152717359856363,2.0
0.037226752155518766,0.011756508539664033,2.0
0.034474990541014425,0.020363689096157787,2.0
0.04084653761930218,-0.003990916467097065,2.0
0.008456037902446012,-0.041182869279073143,2.0
0.041897120784684355,0.009865841289967437,2.0
0.04327247150389715,-0.008207985483545916,2.0
0.04447157436189046,0.007164855677889365,2.0
0.04602680878289317,-0.0013308755530030093,2.0
0.017079223510449354,-0.043837481224714224,2.0
0.04325054753049978,0.020928570413181906,2.0
0.04771957183729562,-0.011342472229686177,2.0
0.046321208161097555,-0.0189566132130395,2.0
0.03634684594077803,0.03584852303197955,2.0
0.0429165446975635,0.029454818180589235,2.0
0.04551144677872307,0.02726416421527569,2.0
0.0508250563434825,0.018402565238586358,2.0
0.052944079123776716,-0.015099124903464222,2.0
0.05602512320522785,0.0018619856064797848,2.0
0.031083142519302727,-0.04784711079194834,2.0
0.04787416927434034,-0.03284512173466019,2.0
0.05875559493305747,-0.005979341184770841,2.0
0.05948310783252606,-0.008304859842411482,2.0
0.05079719421229847,-0.03388359836352477,2.0
0.04682996303792584,-0.04072657743122718,2.0
0.06099519170801032,0.016016757206093166,2.0
0.06250347399206997,0.014054182414040923,2.0
0.06151546737803346,-0.021196932919251593,2.0
0.04707162613473268,-0.046357168792731045,2.0
0.05878324658970388,-0.03228810005795539,2.0
0.05885756579548969,0.03419135620516901,2.0
0.05334997776746903,0.04386702832741687,2.0
0.05374239606945308,-0.04496186811442074,2.0
0.050135855337090425,0.050373536234888015,2.0
0.04637680803853396,-0.055168607458580314,2.0
0.07293044064778054,-0.004563423633987782,2.0
0.055645647249366825,-0.04889305055046624,2.0
0.06471131054275964,-0.03806196507494962,2.0
0.047292592840209195,0.05959009996285548,2.0
0.06670060356192915,-0.03862518990529425,2.0
0.06480639285974883,0.043546730312095216,2.0
0.07876601819148422,-0.007029589337508763,2.0
0.07471358027649988,-0.028821869264484667,2.0
0.06311714207450413,-0.050895658809211874,2.0
0.08035050423044668,-0.01677094716593638,2.0
0.07585781468690964,0.033887912970806615,2.0
0.0839622890858651,0.004524069818309384,2.0
0.08281941519320829,0.019504260329249817,2.0
0.07452737037610205,-0.043086950256943604,2.0
0.0667510180453649,0.05593265886064472,2.0
0.0876829294540038,-0.008438906645944154,2.0
0.08902932402057244,0.0032627073364885433,2.0
0.08439510522067266,-0.031522857535955386,2.0
0.03381453368971632,-0.0845822923992516,2.0
0.08022591220092733,0.04521898315339998,2.0
0.0907412437275821,0.02079304375051515,2.0
0.08878567169101159,-0.03115771246038669,2.0
0.0918866341565448,0.024493337349705373,2.0
0.08432526853835308,-0.04608371481168565,2.0
0.02860469770339819,-0.09278802473369238,2.0
0.09690086277093711,-0.015279386267520399,2.0
0.09431356039329726,-0.030423408227760015,2.0
0.07123594224919204,-0.07032403978668914,2.0
0.05446193161808688,-0.08517822872237892,2.0
0.037947961128288264,-0.0947881400802548,2.0
0.08558156690784725,0.05749821975580437,2.0
0.07924048432731383,-0.0675174802172806,2.0
0.0466263319604597,-0.09419696538141877,2.0
0.09269191203070794,-0.05164024784111467,2.0
0.0845654934452403,-0.0657313449673467,2.0
0.09977542794342795,-0.0416200314442482,2.0
0.04707976613563734,-0.0984291283675578,2.0
0.08659836743081585,-0.06800705189006494,2.0
0.08243874120436062,-0.07449518750218789,2.0
0.10756518422060184,-0.03160469626221369,2.0
0.09594700116664774,-0.0599061710115679,2.0
0.019367401286477397,-0.11245859152353639,2.0
0.05506082999638602,-0.10109300039110167,2.0
-0.030765065877465983,-0.11196634826342483,2.0
0.11321902528044608,-0.02996450293881478,2.0
0.06178937322265331,-0.10066758755685645,2.0
0.07184958389050784,-0.09501053538674416,2.0
0.10619072007938624,-0.056146008110047524,2.0
0.11713916005424123,0.030801674685382766,2.0
0.1049970975672843,-0.06236523241403569,2.0
0.08127449202466362,-0.09248654168972169,2.0
-0.03130171512713104,-0.12011245072714531,2.0
0.1096356987553751,-0.06030182829731504,2.0
0.03279404104378113,-0.12178813802502389,2.0
0.12683884855715263,-0.008556456526649187,2.0
0.12395088896001046,-0.03244987432396584,2.0
0.10750686857044674,-0.07153044945912193,2.0
0.06607891412841078,-0.11210453994060506,2.0
0.030999916524966472,-0.12741420143443594,2.0
0.031325912444589425,-0.1283650558029604,2.0
0.08043774505010054,-0.10608581577713194,2.0
0.1154135116609389,-0.06834974225265379,2.0
-0.043142049127971,-0.1280635324556955,2.0
0.09011475588954422,-0.10204106199488736,2.0
0.11167889291326764,-0.07958906495139176,2.0
0.11502082054775595,-0.07650069312622113,2.0
0.012420164627847988,-0.13858369150444028,2.0
0.10668130381021398,-0.09087550987945511,2.0
0.05943471787050502,-0.12801693651340434,2.0
0.0936621008747768,-0.10691959330487594,2.0
0.14310139138789585,0.0034570524651232914,2.0
0.08669048034530562,-0.11516203761894796,2.0
0.11764686497990061,-0.08500781328564033,2.0
0.10083627931906562,-0.10578629781998275,2.0
0.06942009741098518,-0.12974256429172926,2.0
0.05282789193528015,-0.13840913132232285,2.0
0.05921686101227877,-0.13688985376487037,2.0
0.0841923325627349,-0.12432505269557896,2.0
0.015345450415029029,-0.15037016873661488,2.0
-0.06837242595600328,-0.1359245701608893,2.0
0.10958679385078142,-0.10698889163955068,2.0
0.06845163652829046,-0.1381226871284422,2.0
0.11319483807357902,-0.10611338654814713,2.0
0.09205187717720953,-0.12613959336234504,2.0
0.05754040296267194,-0.14624456937819172,2.0
0.02444820494631496,-0.1562571222917021,2.0
0.08693537259054465,-0.1333187118779421,2.0
0.11164365065088294,-0.11483454259007503,2.0
0.06175741193964829,-0.14885879865607657,2.0
0.08389700946559038,-0.13877268693744466,2.0
0.03619567781957712,-0.1590977395206807,2.0
0.03775971120854573,-0.15976256446729273,2.0
0.1290847809521312,-0.10303713461940119,2.0
-0.05988356881813029,-0.15500049343136363,2.0
0.13701097141586244,-0.09577502540003494,2.0
0.10197632507878938,-0.13372120964328119,2.0
0.13879447766131067,-0.09671763421481579,2.0
0.16796916726044794,-0.027280866290796863,2.0
-0.07859672116934142,-0.1520596108818485,2.0
0.1675049094013103,-0.039816607049608474,2.0
0.04724213480117503,-0.166604707635449,2.0
0.10696569708528139,-0.13745902151665196,2.0
-0.044828552210022375,-0.16934208840216483,2.0
-0.039035290090476106,-0.17179723856806153,2.0
-0.00566010034064329,-0.1770867453442145,2.0
0.07313717819248876,-0.1624758946580531,2.0
0.05107200674498163,-0.17174640717745726,2.0
0.13057489855341423,-0.12415753379287048,2.0
0.05175761695883196,-0.17363113056405188,2.0
0.15884090901269016,-0.08921834524739915,2.0
-0.007232885063023483,-0.18304033428397345,2.0
0.1328737805458789,-0.12754752897268964,2.0
-0.18518296375249393,-0.0009070545263930227,2.0
0.13147879654671354,-0.13182800152162324,2.0
-0.07357814953952413,-0.17212001323899112,2.0
0.07118031421541257,-0.1742072244246721,2.0
0.10454072502731034,-0.15768254854874433,2.0
0.020144413885379703,-0.18912036123536577,2.0
-0.0008846180592638021,-0.1911891446709144,2.0
0.10225643765640395,-0.16273124991058882,2.0
0.12189583028987216,-0.14988334281742302,2.0
-0.03127812565451991,-0.19165871729267228,2.0
-0.05520248596477105,-0.187226733589516,2.0
0.033828485631598425,-0.19325780957500538,2.0
0.0406450118533867,-0.19296299540033143,2.0
0.04848440233173033,-0.19217645146985923,2.0
-0.059068675275048735,-0.19023988163067462,2.0
0.009001079987680096,-0.19999775178550286,2.0
-0.18586851086550826,-0.07703778315505114,2.0
0.0696281771548307,-0.18983584361630912,2.0
-0.03756214144329131,-0.19970134531904501,2.0
-0.16987247472166364,-0.11332563411077869,2.0
0.024080924198523312,-0.20378735322157593,2.0
0.022980285369128817,-0.20492170690854064,2.0
-0.14762935318123024,-0.1453973892403233,2.0
0.029262462305434486,-0.20614161701387618,2.0
-0.0652137042654225,-0.19878547732147006,2.0
0.0045699388341062935,-0.2101605294427888,2.0
-0.07202288555199947,-0.19855195717511942,2.0
-0.1221821874604868,-0.17350946971093953,2.0
-0.1033437959665128,-0.1864937911136317,2.0
0.0004377871470673539,-0.21421376686344676,2.0
0.09233747297063305,-0.19440005130022217,2.0
0.15511563444998458,-0.1506273285431177,2.0
-0.14457410755736133,-0.1621161524327056,2.0
-0.10898939906709362,-0.18905158463585467,2.0
-0.1004432408595342,-0.1948543595630277,2.0
-0.08527235331691765,-0.20304081154693274,2.0
-0.06812780499954733,-0.2104695486395886,2.0
-0.004255315235130112,-0.22218147614423753,2.0
0.10855808405996306,-0.19504807041187291,2.0
0.05180965590693803,-0.21815650868988498,2.0
-0.02385534476023357,-0.22395830996889537,2.0
-0.06329952741217793,-0.21718995202806834,2.0
-0.2267231122777591,-0.015127562674158391,2.0
0.034958948049938085,-0.22553491107018875,2.0
0.10780263292064378,-0.20229837337063153,2.0
-0.2091817347974565,-0.09617151729587818,2.0
-0.15913826056173438,-0.16775844635098602,2.0
-0.1036729934399245,-0.2078069299103637,2.0
-0.21956907869146883,-0.07865850727675511,2.0
0.0029824793294987023,-0.23421524567018948,2.0
0.029473457570640807,-0.23338151425296752,2.0
0.07666184452155154,-0.22345138376303755,2.0
-0.03267493764504343,-0.23497628642450225,2.0
-0.08205335794525118,-0.2236620321126678,2.0
-0.008637587082089046,-0.2390832609807079,2.0
0.06759938524880375,-0.23053350330195427,2.0
-0.17685716058633572,-0.16406974500179433,2.0
-0.08515377358539288,-0.22678213944382133,2.0
-0.1268544416222519,-0.20754572032253105,2.0
-0.1352230678058925,-0.2033960982408587,2.0
-0.04429365090540291,-0.24121215310359215,2.0
-0.23823674288154453,-0.0622934035958847,2.0
0.0763235716058706,-0.23517209377106152,2.0
-0.17069562175530428,-0.18025037440153624,2.0
0.05139737979187993,-0.24389238938893446,2.0
-0.24706722726491556,-0.03978659274101586,2.0
-0.2364886713875492,-0.08485457890220864,2.0
-0.0023005875881803107,-0.25224176114014707,2.0
-0.2222524503698118,-0.12141276122373121,2.0
-0.09052417616041465,-0.23759334867976664,2.0
-0.23232212353100445,-0.10574344543975399,2.0
-0.09611589214783249,-0.2375478986375133,2.0
0.23212540629171702,-0.11090127215425409,2.0
-0.17396038036930261,-0.1908798418386729,2.0
-0.15223720667544705,-0.20985517962470457,2.0
-0.12035370771694276,-0.23076045612176088,2.0
-0.25812938975207617,-0.040331932535470884,2.0
-0.061174288148235376,-0.25502784294362113,2.0
-0.2616410476187579,-0.02918060974313476,2.0
-0.20430776146367693,-0.1676124696221441,2.0
-0.055038726357775195,-0.25949258092894584,2.0
-0.1495941224604357,-0.22027102187230704,2.0
-0.1914333979402276,-0.18650749664710886,2.0
-0.13915001207432848,-0.22935809970299675,2.0
0.10183712136143756,-0.24926921206924466,2.0
-0.1778833212067414,-0.20347860582484883,2.0
-0.04256375310767291,-0.2679112344387982,2.0
-0.21724725578353224,-0.1641213578509234,2.0
-0.2364094967440202,-0.13707235948479252,2.0
-0.18838475891596848,-0.1993428206303208,2.0
-0.2194752315658287,-0.16615384409337164,2.0
-0.10319480940957612,-0.2562799487747853,2.0
-0.21697113652826974,-0.17264476362731382,2.0
-0.27227003862403054,0.05751370470758966,2.0
-0.17594216496444873,-0.21688999613254728,2.0
-0.2213505489986848,-0.17193303920995903,2.0
-0.2721003662666638,-0.07127797609911986,2.0
-0.13391234177659664,-0.24849702535523857,2.0
-0.27852163333884244,-0.05172154628411973,2.0
-0.27933878405641566,-0.05279581435029609,2.0
-0.1433611304061333,-0.24664808997635124,2.0
-0.28446028942992885,-0.032282835269451686,2.0
0.09634112908224544,-0.27065175462953583,2.0
-0.16238066452692443,-0.23820717233531327,2.0
-0.05563822628718003,-0.283888500424231,2.0
-0.004577278672953582,-0.2902542009287224,2.0
-0.2311245045023568,-0.1772909467533183,2.0
-0.057322290800346974,-0.2866163622525471,2.0
-0.09702149044190869,-0.27678111619699847,2.0
-0.29250228730014094,-0.03242751267615957,2.0
-0.2952935369935765,-0.0010190355042372216,2.0
-0.25177405244186174,-0.15620922417035832,2.0
-0.27028350475192314,-0.12382451307917479,2.0
-0.2940729246623467,0.05002988854868973,2.0
-0.24528641169849447,-0.17150698760437783,2.0
-0.2510862427564242,-0.16472998834126268,2.0
-0.2677357444532752,-0.1382029135290138,2.0
-0.2569520892029645,-0.15925547347424,2.0
-0.2865610885991494,-0.09937623607063222,2.0
-0.23706793097286372,-0.19078759320870992,2.0
-0.029514736272482824,-0.30387531948207225,2.0
-0.1790281357076752,-0.24854070070724224,2.0
-0.21636875394565047,-0.21822544178091238,2.0
-0.30727655061358555,-0.025201873242826526,2.0
-0.1334765520579439,-0.27902734431615295,2.0
-0.2325971697487885,-0.20540458931030325,2.0
0.09377789686450608,-0.2968508693098914,2.0
-0.29963342550344524,-0.08808399822291575,2.0
-0.2419586546868738,-0.1990508520993683,2.0
-0.2992835722276136,-0.09603557454171022,2.0
-0.04927213757294465,-0.3114418156436119,2.0
-0.25296924051799763,-0.18990148846091578,2.0
-0.21096064870765746,-0.2370356187713218,2.0
-0.3152089368876363,-0.04438330635687656,2.0
-0.16916438452461108,-0.2708287996114205,2.0
-0.22228670327110567,-0.23063765772088482,2.0
-0.2015385070744469,-0.2502591091286847,2.0
-0.32044292561483206,-0.03475645106541013,2.0
0.01696266582921662,-0.32287805650555534,2.0
-0.3226348443553032,0.03306092189063681,2.0
-0.22094357387168276,-0.23878966573710222,2.0
-0.3210546117670852,0.05841923926860227,2.0
-0.294214039021476,-0.1434617665370138,2.0
-0.19621178638440076,-0.26324974086733083,2.0
-0.26714969100765246,-0.19258465606330552,2.0
-0.302592496768807,-0.13249870956112994,2.0
-0.2304318883292191,-0.2380789700137808,2.0
-0.3038968435190374,-0.13450460071169867,2.0
-0.33253421337672195,-0.023067467243627897,2.0
-0.32006975318309366,0.09661676982851358,2.0
-0.30116920073722075,-0.1474683004979898,2.0
-0.3290323432267188,0.06971261184953442,2.0
-0.2560789308590313,-0.21959066540256214,2.0
-0.22711821996247,-0.2507790767799957,2.0
-0.33753826443487395,0.03491571659800764,2.0
-0.3327346684790188,-0.07154849862251571,2.0
-0.3398249618437238,-0.032138864581963515,2.0
-0.33986531346460574,0.041107761603458935,2.0
-0.34247458503305983,0.02440922007394754,2.0
-0.29015431340376324,0.18542788866599094,2.0
-0.23535228354426718,0.25273050900553085,2.0
-0.2743881322813112,-0.2113455570638687,2.0
-0.34596678228395217,0.030938087615869168,2.0
-0.2847311475421307,-0.2006856881204129,2.0
-0.34409980918480493,-0.060334809271220556,2.0
-0.24317368339599885,-0.2522140513417834,2.0
-0.25299158172747216,-0.24380941669970937,2.0
-0.30415273597562065,-0.1778856188869147,2.0
-0.3530905280505271,0.013626126634510285,2.0
-0.34384538696666733,0.08565838144416535,2.0
-0.35040738492989165,0.059093935106113854,2.0
-0.3377890114567316,0.11352724983307962,2.0
-0.35011370747668097,0.07158681927818175,2.0
-0.35608669758716444,-0.04028618630206712,2.0
-0.3565724439155996,0.0446681250919012,2.0
-0.3139699411110989,0.1768684974712621,2.0
-0.356743982192537,0.057582676686198486,2.0
-0.33346661650935594,0.14179738125450037,2.0
-0.2628602403169005,-0.2508733303786533,2.0
-0.35741228034315237,0.07083679748940631,2.0
-0.36150877671276427,0.052945770069077906,2.0
-0.3462248632102311,0.11980258135595974,2.0
-0.36591471946810555,0.03263741232095278,2.0
-0.36627480661249034,-0.039217608995918314,2.0
-0.1702186066400639,0.3278099403340918,2.0
-0.3265655842266589,-0.17472587228852585,2.0
-0.36644690165176325,-0.06027738999057577,2.0
-0.3712873216472258,-0.028406134729284466,2.0
-0.3652823836921591,0.07730754237709767,2.0
-0.30079358377058263,0.22288874388504623,2.0
-0.3170684533520343,0.20093349229820492,2.0
-0.27062987458400367,0.26156958477020636,2.0
-0.376233775978577,0.029356954357177955,2.0
-0.34768816747953113,0.1492753677569638,2.0
-0.3610255290362519,0.1165730710000277,2.0
-0.3710001434105818,0.0839531260147624,2.0
-0.1955218261393724,0.3274491923451571,2.0
-0.3799186401201399,-0.043337203944072006,2.0
-0.3286903050038284,0.1973461477986855,2.0
-0.3838632774724174,-0.020008477370756207,2.0
-0.3721870411948677,0.09999350796552678,2.0
-0.31392005543113793,0.22527458441386847,2.0
-0.3683918127615068,0.1198184468148234,2.0
-0.3821044192982978,0.069582706095985,2.0
-0.3063827504502339,-0.2403200091452878,2.0
-0.3025312789326943,0.24673767887477122,2.0
-0.3841116880463196,-0.07513609226926939,2.0
-0.39191976687730956,0.01925320592162631,2.0
-0.12739450167378014,-0.372194845355035,2.0
-0.21080549262524748,0.3333286405467551,2.0
-0.23298529404515517,0.3194610640728751,2.0
-0.2953324974159647,0.2644027591499345,2.0
-0.3776340221045002,0.12376282481990632,2.0
-0.35186748270791474,0.18684367385385117,2.0
-0.3393298944697527,-0.2106539887107468,2.0
-0.17949660318613903,0.35791262912258165,2.0
-0.35087435540740536,0.1949622316358908,2.0
-0.3323245902256917,0.2269098062899686,2.0
-0.2930174925085453,0.27726351177436537,2.0
-0.1989344472347413,0.3520909087225755,2.0
-0.29766437513526034,0.27522620243584395,2.0
-0.3411926283791967,0.22080253057396004,2.0
-0.40667584878614654,0.024403885438439986,2.0
-0.4082816568653487,-0.010174316978304588,2.0
-0.20299024633628052,0.3555432806358426,2.0
-0.38454076146284266,0.1434053965052176,2.0
-0.3098113733561114,0.2706958854115255,2.0
-0.2364305137101779,0.33791213369538403,2.0
-0.3781944860525363,0.1669717973478988,2.0
-0.401508221660715,0.10261800433302211,2.0
-0.415040948973312,-0.017634569461566368,2.0
-0.10525579273480833,0.402894340934267,2.0
-0.3405962213548551,0.2413120684139544,2.0
-0.36428781287831924,-0.20583576525983371,2.0
-0.20303578206051218,0.36700016429042515,2.0
-0.2667625789670129,0.3249477748336666,2.0
-0.4090205146294528,0.10148021011561234,2.0
-0.3702891878281885,0.20328949885020628,2.0
-0.41646870570083827,0.07642782657828423,2.0
-0.2106237693235117,0.36847485646100747,2.0
-0.3217804773601965,0.2782878311896665,2.0
-0.3044603209065878,0.29856893701165566,2.0
-0.3816486603912008,0.19245390549123853,2.0
-0.2599678919021344,0.34054017892990723,2.0
-0.41716895680186167,0.10188079476001237,2.0
-0.429312262247806,0.031005433785010857,2.0
-0.007361661651075015,0.4313686195873652,2.0
-0.2705984845745785,0.33730441557348734,2.0
-0.27573239805569766,0.3344191769028039,2.0
-0.42910057684463476,0.0678673174213374,2.0
-0.3520867920798851,0.2562009158370498,2.0
-0.14125231698875929,0.412946178084557,2.0
-0.10143389235272182,0.4255146027506089,2.0
-0.04267416976403102,0.4363567113443851,2.0
-0.08882629622826087,0.4303683422757975,2.0
-0.2880046377198149,0.3332283154644085,2.0
-0.330554248128604,0.2925823563819781,2.0
-0.4379382265949244,0.06297161710903335,2.0
-0.15612400731162793,0.41505105935768577,2.0
0.006569508343998637,0.4443958885471928,2.0
-0.4454374445082698,0.002669812359217071,2.0
-0.4220042424598497,0.14569436808109013,2.0
-0.340981988434288,0.2897248725785126,2.0
-0.4001168850071061,0.20251540496473575,2.0
-0.18382893314844861,0.4101362346195669,2.0
-0.1815864062965097,0.41222807444342335,2.0
-0.31240268370737273,0.32590332344125217,2.0
-0.10423756682875206,0.44028144565931937,2.0
-0.3005521021873357,0.339541556101218,2.0
-0.2889638377580369,0.35075454614536744,2.0
-0.06501580809432587,0.45079110084603286,2.0
-0.29423672124428896,0.34896597042146604,2.0
0.0733469483512749,0.45153909083378035,2.0
-0.43063410934669044,0.15728452561930162,2.0
-0.4429003179089159,0.12223871433780671,2.0
-0.20234222332496693,0.4136199466991026,2.0
-0.07437980430878892,0.45542762885570975,2.0
0.03603071808715439,0.46105673896058447,2.0
-0.33689894406271426,0.3182726558392619,2.0
-0.37497242127157987,0.274085610778805,2.0
0.10360112340724431,0.4537894960989504,2.0
-0.27567204634312364,0.3762922895871051,2.0
-0.2324137945905306,0.4055979058433098,2.0
-0.28635974705206224,0.37075706495961924,2.0
-0.049431197926314924,0.4668598713056356,2.0
0.00043840983728135293,0.47047026620342375,2.0
-0.2425029337550599,0.4043237261547528,2.0
-0.10825264538662821,0.4599039051922132,2.0
0.051490437409639364,0.47066534282693895,2.0
-0.1640851465929455,0.4451989348542967,2.0
-0.22344721423078145,0.41970021471418467,2.0
-0.07514337984992954,0.4705138734406961,2.0
-0.013272108721320442,0.47729298405522835,2.0
-0.47446047312812845,0.06187821754149269,2.0
-0.12250025700294312,0.46356688651814365,2.0
0.42329191121210663,0.22734434240850462,2.0
-0.32590306264021324,0.35441728339815964,2.0
-0.3463775332248775,0.335874902872346,2.0
-0.07531466566132615,0.4775813856691302,2.0
-0.2388163308371845,0.4215352604844121,2.0
0.021606357265383555,0.48500445559066585,2.0
-0.2867211242952565,0.39301411986954166,2.0
-0.2201615812827929,0.43494014367947625,2.0
-0.39986215859780844,0.2805909077416252,2.0
-0.48300365477004925,-0.07941932887815267,2.0
-0.23381647891847251,0.4311737184103055,2.0
0.10999285171599588,0.4790255304051275,2.0
0.2687794053496816,0.4126820645743395,2.0
-0.07600711721989446,0.4876051130293179,2.0
-0.3016408210826368,0.39183876804364115,2.0
-0.31518652205952097,0.38232609428124276,2.0
0.28547785543810245,0.40621566327230346,2.0
0.1490132827446293,0.474656509048324,2.0
-0.3656716841689767,0.3387993099200198,2.0
-0.19204137253146553,0.4611072123015226,2.0
-0.3383342536813477,0.36882337749543076,2.0
-0.4543635665720282,0.21226753256258155,2.0
-0.13926737876047596,0.4828181461321267,2.0
0.26874696598099634,0.4257826280114206,2.0
-0.38303522027485254,0.3283425270876905,2.0
-0.2576744521122072,0.4349019347221285,2.0
-0.0907635290985919,0.4983079599193603,2.0
-0.17623082915266294,0.4759270585212063,2.0
0.1492811694287364,0.4861029064709825,2.0
0.11147994444872543,0.49716412005124627,2.0
0.4722053968189984,0.19401815522449017,2.0
-0.01118683455608465,0.5113891679938146,2.0
0.03872823226951691,0.511047159768222,2.0
0.3543478736048555,0.3716634405382251,2.0
0.46277966152096,0.22485588835663656,2.0
-0.24380858371290728,0.45421759239942927,2.0
-0.3484619884204792,0.3812657268368122,2.0
-0.0021822218245569074,0.5175129165976463,2.0
-0.2615266207943322,0.4477334928978809,2.0
0.08332166815357982,0.5127943357505981,2.0
-0.4625205574507213,0.23878095865966306,2.0
-0.047104753378695303,0.5193898724650444,2.0
0.35664416883703237,0.3818831279041303,2.0
-0.04659936496231293,0.5214454706559397,2.0
0.015041209353393125,0.5243088201135528,2.0
0.044408291594636794,0.5236458551507168,2.0
-0.25076679237248656,0.4629753762127132,2.0
0.15979219398844718,0.5027442163164731,2.0
-0.07636290487994427,0.5229828985988243,2.0
0.37326271418735696,0.3756014760903534,2.0
0.13367347751615039,0.5134141069679966,2.0
-0.07968153277610253,0.5255250920238789,2.0
0.4408310778023632,0.29876221154811333,2.0
0.5077964120109136,0.16370960678475932,2.0
0.14549648465909143,0.5143519627277592,2.0
0.25180079662154264,0.47264645205702055,2.0
0.13046050560537692,0.5204339646062809,2.0
-0.5105343952892252,0.1682297104811892,2.0
0.0915277396176283,0.530703712415612,2.0
-0.10585232188630857,0.5290540621503776,2.0
0.03719682905583089,0.5392591880311832,2.0
0.21047643605992739,0.498965841595094,2.0
0.3086236562691866,0.44621054364455076,2.0
-0.2747636168199625,0.468982450204573,2.0
-0.36263916484355757,0.40622850357254897,2.0
-0.0018164291900146584,0.5455425215779102,2.0
0.08314630166810066,0.5401849868895595,2.0
0.46522901191217253,0.2887391267226481,2.0
0.12800959902736994,0.5334032739603041,2.0
0.16603269844287685,0.5238681613324956,2.0
0.26843747012864155,0.4806737285752666,2.0
0.3375625666264227,0.4361887522982519,2.0
0.28397526703818454,0.4739961719707588,2.0
0.01373240219491863,0.5533831925363507,2.0
0.07237301197899429,0.5498116960508287,2.0
0.3027566878000274,0.4658115104857315,2.0
-0.32620635541907933,0.4509374838381623,2.0
0.06195373795318204,0.5541048315465021,2.0
-0.11808365321515996,0.5459339833554754,2.0
0.27717572401619817,0.4860869456286444,2.0
0.08250895661073143,0.5544550605188651,2.0
0.47346737070066797,0.3019603224022251,2.0
0.2991542906264728,0.47642769356611603,2.0
0.39569840451658994,0.40128127646264267,2.0
0.4520386342153381,0.33822214702575026,2.0
0.3916914651684748,0.4079732896497902,2.0
0.39926998446281625,0.4019715833962522,2.0
-0.11071566078400982,0.5566641592663618,2.0
0.44579541609851614,0.352897526414768,2.0
0.41624485323970745,0.3887797792209867,2.0
0.12481230792251029,0.5567518871025791,2.0
0.31101421235173843,0.4795458488445332,2.0
0.2180184729624313,0.5294405503071176,2.0
0.000880376101627216,0.5735728979300532,2.0
0.2970758039389177,0.4918149128092794,2.0
0.26310299034420814,0.5119219273200657,2.0
0.2541725071973631,0.5175295984209708,2.0
0.4105093724002225,0.4062978135456282,2.0
0.28228975218569763,0.5050402631483413,2.0
0.25482622095388185,0.5205536342971833,2.0
0.46975958452882893,0.3411740659701233,2.0
0.3827467437359994,0.43788362174717504,2.0
0.15746000454095807,0.5609000022272714,2.0
0.47843707739431474,0.33416726650383327,2.0
0.49758043400344953,0.3068433610669623,2.0
0.282048454237218,0.5131852954908287,2.0
0.5785549808512,-0.09673653754177132,2.0
0.5812893525135315,0.08580129218957132,2.0
0.5722584336977016,-0.1376837378870871,2.0
0.14564296372799138,0.5713177848351544,2.0
0.3778569173513136,0.45389579828844545,2.0
0.4538124696379768,0.3795192401485765,2.0
0.1789295865056053,0.5649337871543385,2.0
0.4766394129935302,0.35379121574247613,2.0
0.23582855096310218,0.5458274695100584,2.0
0.446533179288807,0.39413479075958563,2.0
0.523978858403176,0.28526067905890323,2.0
0.4869034029189907,0.3464793859385103,2.0
0.5971707755475364,0.04132005658466627,2.0
0.5819766443880083,0.14430130015656126,2.0
-0.04737891086347435,0.5987289205034221,2.0
0.5665241259630058,0.20242258211836048,2.0
0.5993496525810575,-0.06252911813224099,2.0
0.5033102060949891,0.33319085630292405,2.0
0.3685552156428832,0.4792846554309017,2.0
0.5847489720256663,-0.15756519049542295,2.0
0.4874544671839145,0.3610536215041035,2.0
0.49080018979275775,0.35819293477403114,2.0
0.5261174687362861,0.3059490930907129,2.0
0.5365864673223856,0.2893075166926417,2.0
0.5861935992003087,0.1709455528724006,2.0
0.6071746131684715,0.073537423002644,2.0
0.6109471507086056,-0.045141911491288204,2.0
0.21094665795621506,0.5762145210848654,2.0
0.5275913308619656,0.31527529572925816,2.0
-0.02622481934164034,0.6150567819643091,2.0
0.06831208139409173,0.6128209456467122,2.0
0.5503944147422553,0.28020976037995526,2.0
0.5978176278478406,0.15906941609243627,2.0
0.6083863876936777,-0.11744988840607834,2.0
0.20910990609527608,0.5843312433135414,2.0
0.6166655638792045,0.07833915236353615,2.0
0.419164371141072,0.4603913120024989,2.0
0.04240216807475357,0.6221804240604323,2.0
0.6132257338982101,0.11878603020749046,2.0
0.4370070875252535,0.44769658128262596,2.0
0.596659193983785,0.19146471067036264,2.0
0.6016852562773423,0.17858132976308846,2.0
0.4349034973219009,0.4539084717745304,2.0
0.6281415657424396,0.04326249986051481,2.0
0.07514832729694293,0.6261371424808293,2.0
0.5868368407943899,0.23362585551282003,2.0
0.6321153408825944,0.02557818782824534,2.0
0.6299760537356679,0.06798347881211152,2.0
0.6331679896324951,0.043120950622415055,2.0
0.47042227999641334,0.42747577682588594,2.0
0.5711217133708628,-0.28129378881222894,2.0
0.5810236283998172,0.2626657575193584,2.0
0.6218697786500412,0.1453866884001508,2.0
0.46938653299583344,0.43452865410750463,2.0
0.5598884503088636,0.3113604882627044,2.0
0.6224799633705431,0.15563640798601125,2.0
0.6056878350291348,0.2147831758784629,2.0
0.5788013210846719,0.281542484739878,2.0
0.5245070547954336,0.3747786911483099,2.0
0.36555934431613846,0.5321885620006668,2.0
0.5512539463579579,0.33803989741468504,2.0
0.6452779746658641,-0.05535170200320828,2.0
0.6297191777096706,0.15555972042394048,2.0
0.6262466729434325,-0.17279980300102762,2.0
0.530034086006248,0.3773726763606983,2.0
0.5892099250923283,-0.2783550597223236,2.0
0.555153322269828,0.3431621683509365,2.0
0.6089950968468483,-0.23746172523433876,2.0
0.5775629403132535,0.3082105884581422,2.0
0.5873612842299152,0.2913607052796111,2.0
0.5744849036604429,-0.31806455350722423,2.0
0.6454537819466544,-0.1261071371751711,2.0
0.6256463918735161,0.20590731157895806,2.0
0.6334106802498374,0.18423294148369995,2.0
0.2907233887152833,0.593255779405884,2.0
0.6130214286111919,0.24899976420945572,2.0
0.5705459420136678,0.3370447040659535,2.0
0.43781907391903935,-0.4987623852899808,2.0
0.6557770472183768,0.10833088569442184,2.0
0.6622931222185292,0.06692233340332746,2.0
0.6005817536127792,0.28938901442840465,2.0
0.4155620658272945,0.5225784954378953,2.0
0.6476120157914635,-0.16648262810770073,2.0
0.520789354383788,0.42099396056950955,2.0
0.6670559990699187,-0.06953734681938675,2.0
0.5473574151153712,-0.38928485026319365,2.0
0.6673199871255877,0.08469096376415847,2.0
0.6605966588559657,-0.13209191083983227,2.0
0.6665518075862743,-0.10437722189658281,2.0
0.49380802931536993,0.46118461475145894,2.0
0.669157653287654,0.10059502872782247,2.0
0.5156612000104055,-0.4397050848312299,2.0
0.5361569130888598,-0.4161015662552378,2.0
0.6778929781957596,-0.049250148043994725,2.0
0.6804629619275383,0.017214717445149286,2.0
0.6816769311154753,-0.0025449411295653227,2.0
0.6263083673090928,0.2716495431128921,2.0
0.6288309154800094,0.2683189502660306,2.0
0.439383930135073,0.5251046366019094,2.0
0.5582386349235127,0.39816389343206654,2.0
0.6831986824448655,-0.06912427922473857,2.0
0.6859612769859007,-0.048697867233701064,2.0
0.3484606993037524,-0.5940263049465785,2.0
0.45232988269983143,-0.520643395503119,2.0
0.6508883401300741,-0.23108007029923666,2.0
0.6169960248175376,-0.31265524418226354,2.0
0.6894227443787132,-0.06722682532424641,2.0
0.01147856199243249,-0.693598719206564,2.0
0.40939992349637766,-0.5612418564915799,2.0
0.07809650590303423,-0.6912983702969763,2.0
0.6146715011607616,0.3279713902901666,2.0
0.6944250252039339,-0.06749786473055133,2.0
0.6205856262628187,-0.321019239359949,2.0
0.5656468756961665,-0.4118534712431298,2.0
0.6410225193422954,-0.2829692592111545,2.0
0.42135977946965153,-0.5611071327441406,2.0
0.6970796599640869,-0.08871885960739094,2.0
0.5104769672290731,-0.4843678029503177,2.0
0.6731861734573122,0.2083964891711147,2.0
0.700398755210134,0.0863836024120489,2.0
0.6665364856670811,-0.23486907539907423,2.0
0.6622454550256615,-0.24956192988265039,2.0
0.6823691891689602,-0.19141662276944815,2.0
0.6774853454752395,0.21142724214853637,2.0
0.7098878393207774,0.03419020186254669,2.0
0.5395384759335916,0.4641463062169856,2.0
0.6743139722087922,-0.23078145017811566,2.0
0.30594068725875373,-0.6448159125073313,2.0
0.7010726731773769,0.13897564662077638,2.0
0.6056635505521052,-0.3813405948165979,2.0
0.6962673680017373,-0.16998412948603076,2.0
0.2894751174435517,-0.6567517633832219,2.0
0.5551316605032092,-0.456492536788529,2.0
0.6859432292283899,0.217895298777097,2.0
0.6362783458694099,-0.33850882389368026,2.0
0.6753009227638572,-0.25465841301486425,2.0
0.22552622608367517,-0.686633858244844,2.0
-0.531311826979109,-0.4914099823901161,2.0
0.42517408444283156,-0.5869011199048166,2.0
0.6661431586604691,-0.28797764001738774,2.0
0.3445997033245877,-0.639830274219303,2.0
0.44274286014413383,-0.5775520803314225,2.0
0.3789129797105874,-0.6224712956285077,2.0
0.13329705097540986,-0.7174520016368227,2.0
0.7190874621617682,-0.12992545014744133,2.0
0.5824826767627487,-0.44288289478644605,2.0
0.5587859552264023,-0.47397838965473477,2.0
0.5110384695762628,-0.5265024925221121,2.0
0.6331561242938384,-0.37275790091549565,2.0
0.30027406266450896,-0.6716714674076567,2.0
0.7365049402796722,-0.018479507599833574,2.0
0.506358275278792,-0.5365242461800606,2.0
0.7314247590513553,-0.10369544811595767,2.0
0.5788373195263831,-0.46061072509628975,2.0
0.7134141230971419,-0.19934175166953183,2.0
0.20310427725497057,-0.7133929239926682,2.0
0.5913180676534997,-0.44945491961212664,2.0
0.2617460125097598,-0.6961636167548547,2.0
0.7060925614020535,-0.23680800146448244,2.0
0.6604611139268772,-0.3463059836161466,2.0
0.48808141271099575,-0.5651612498596207,2.0
0.5305177761483764,-0.526951215438783,2.0
0.7126857369287789,-0.22957292769640814,2.0
0.5292067032408782,-0.5310978746848207,2.0
0.4165657672205576,-0.6245795796636039,2.0
0.7470552732943043,-0.08389943328175477,2.0
0.7454003711330189,-0.10495233914308225,2.0
0.702667026258861,-0.2727705473587712,2.0
0.25720933109638056,-0.7095760000323168,2.0
0.7517502433923455,-0.0777067173254839,2.0
0.38010406428703125,-0.6543712166725288,2.0
0.7363393557714943,0.17888871564211467,2.0
0.1867343799136671,-0.7354217329882158,2.0
0.45288063721583394,-0.6100278854160587,2.0
0.2037936848495707,-0.7329563896499744,2.0
0.7401111536619159,-0.18032321511001007,2.0
0.4056585235075404,-0.6459475168797888,2.0
0.7549007374928263,-0.11601708223954472,2.0
0.33223895692927014,-0.6888268439341316,2.0
0.5168284847141156,-0.5650535597684,2.0
-0.022127685313057987,-0.7664474151307756,2.0
0.2999358436927044,-0.7067572673071333,2.0
0.41923200717821313,-0.6443989012960647,2.0
0.2902066091727959,-0.7129695803074858,2.0
0.5749402314189315,-0.5133530085336148,2.0
0.3367494259012018,-0.694428896186608,2.0
0.053386801424618366,-0.7709264606773903,2.0
0.18403744684016163,-0.7515690727675414,2.0
0.18123635357809187,-0.7532790557084538,2.0
0.24874947361351063,-0.7348140946236048,2.0
0.14399393737476196,-0.7633137670309843,2.0
-0.21239048134548907,-0.7482169171027675,2.0
0.5049995777685574,-0.5928505821281993,2.0
0.3267862222090461,-0.7080023092672381,2.0
0.43196988935183056,-0.6504003707947996,2.0
0.5599314177564463,-0.5455818561271568,2.0
0.5262021942321904,-0.5795344129612887,2.0
0.5145612264229065,-0.5912222627612898,2.0
0.5664752717177027,-0.5431325114206069,2.0
0.5884090513112125,-0.5208013915861052,2.0
0.671927438597812,-0.4093250116003911,2.0
0.7789899762395172,0.11740619875429575,2.0
0.29261798543566975,-0.732504244300642,2.0
0.30856672358116616,-0.7270175301563123,2.0
-0.026150052957341147,-0.7903583045238738,2.0
0.35087622584582095,-0.7098028710036672,2.0
-0.4997131272237733,-0.6154731535854615,2.0
-0.05374444636071143,-0.7919722984744635,2.0
0.5207436209184721,-0.6004372132917966,2.0
0.17146785023238179,-0.777103419721564,2.0
0.5158154448195795,-0.6073051640412876,2.0
0.11647877381205006,-0.7892490237068761,2.0
0.23513067736388782,-0.7634088586889748,2.0
0.6051590266184192,-0.5229362028603939,2.0
0.21624132857203324,-0.771052274739272,2.0
0.13617953484745954,-0.7901526837651983,2.0
-0.42116655513829016,-0.6834552458069084,2.0
0.09201724209154526,-0.7985194939181697,2.0
-0.1270092342007459,-0.7947197167962048,2.0
-0.0707158685165472,-0.8026968684443054,2.0
0.18440512660272484,-0.7854501720621296,2.0
-0.11638110500569318,-0.7993803179669299,2.0
-0.19423830891975516,-0.7851389485656141,2.0
0.6498181919984319,-0.4832476025932145,2.0
0.27482188235163474,-0.7628152488698615,2.0
0.5897242936976723,-0.5579100960011014,2.0
-0.29006886437197693,-0.7592922511093,2.0
0.29881660371990826,-0.7569686657289614,2.0
-0.18781072873304902,-0.7928747143240614,2.0
0.03199213191491581,-0.8151882904156339,2.0
0.23197772959134483,-0.783183276895263,2.0
0.020186830621179028,-0.8175686362683987,2.0
0.4006110160059949,-0.7141253894845708,2.0
0.6406032933217852,-0.5115974565561137,2.0
-0.09899895721201651,-0.8148288325555861,2.0
0.003934438461407111,-0.821812403786005,2.0
-0.5796729934175989,-0.5839662819550447,2.0
-0.2514003378012837,-0.7845276049018971,2.0
0.7542519746439611,-0.33382622783865923,2.0
-0.058606262235114705,-0.8237436498254395,2.0
0.3793079223941349,-0.7346891189949423,2.0
-0.3075055517710211,-0.76859563370874,2.0
0.7974997654958839,-0.2257240605956267,2.0
-0.0863085048846796,-0.8253292606347938,2.0
0.44972238124405706,-0.6985911889418759,2.0
-0.1736830708016428,-0.8134976259127082,2.0
-0.4364385842288321,-0.7093179044974783,2.0
0.12398866820863406,-0.8245639287537861,2.0
0.0033248507956793205,-0.8348282139583523,2.0
-0.003719976499061841,-0.8358275577188377,2.0
0.12260105560932512,-0.827807267816949,2.0
-0.015313794540206737,-0.8376978752566843,2.0
0.26853978154610914,-0.7946930119685585,2.0
-0.8271445724404305,-0.14547444058852782,2.0
-0.442451021894025,-0.7150177710035361,2.0
0.5494704843465431,-0.6377929707261127,2.0
-0.6414378491184436,-0.5467554695197021,2.0
-0.12173773308290253,-0.8350163813584673,2.0
-0.4481891035948817,-0.7161629278870322,2.0
0.45469616692706755,-0.7132367003432358,2.0
-0.7052445013254995,-0.4688067569527923,2.0
-0.7516482290710478,-0.39226383064792636,2.0
-0.08162183341044951,-0.8449155250690643,2.0
-0.022275871965000926,-0.8495578572516478,2.0
-0.5421111207731631,-0.6557916613740081,2.0
0.15969410441734924,-0.836749287730662,2.0
-0.29859373421960295,-0.7988740642329322,2.0
0.16915946611913146,-0.8369297932104991,2.0
-0.023469799159996002,-0.8545326157592256,2.0
-0.3413165826797774,-0.7848517289211755,2.0
-0.5843826607367786,-0.626658263308492,2.0
-0.17416634745915066,-0.8399917783533426,2.0
-0.6840849918567967,-0.5192940047378051,2.0
-0.4835026714076752,-0.7110444046189095,2.0
-0.039667105236317585,-0.8599464765462287,2.0
0.11512859468288635,-0.8541377380834656,2.0
-0.047790474431228774,-0.8615383860638676,2.0
-0.3237577420834192,-0.8009005554566999,2.0
-0.3208701601785972,-0.803139822686363,2.0
-0.18752315440039335,-0.8453157778223307,2.0
-0.7253679177011596,-0.47465729620586483,2.0
-0.23069164422135457,-0.8366456844829637,2.0
-0.18322976327359328,-0.8493291265111368,2.0
-0.5419333493571694,-0.6804276856227593,2.0
-0.4879320521230767,-0.7213448455782797,2.0
-0.45876364463426667,-0.741415186871193,2.0
-0.5070799963498823,-0.7104765509847217,2.0
-0.734154958908075,-0.47399582672214924,2.0
-0.054297340070266785,-0.8731883219263883,2.0
-0.46982675231480464,-0.7392032012583928,2.0
0.1904585275316659,-0.8559431093780796,2.0
-0.034457448558026,-0.8772013752304754,2.0
-0.10786962332794167,-0.8722340443381483,2.0
-0.2562587204263216,-0.8417363430569552,2.0
-0.5172163266102394,-0.7130486643906478,2.0
-0.766645982047293,-0.43585501236336754,2.0
-0.7524762565012442,-0.4618026291495794,2.0
-0.6770270667250521,-0.5682297696454587,2.0
-0.32614172533378694,-0.822589104288427,2.0
0.38431125248602616,-0.7981846052289174,2.0
-0.805279475163114,-0.3716090916715215,2.0
-0.8813408541090464,-0.10762527740429308,2.0
-0.21460131605014923,-0.8625947669326932,2.0
-0.22755770697441932,-0.8603031478059259,2.0
-0.6557484567437679,-0.6030593179369108,2.0
-0.5327535381372148,-0.7152935162748069,2.0
-0.30300359202751603,-0.839908650626401,2.0
-0.14155118593368035,-0.882615179623349,2.0
-0.2716471060943527,-0.8526691753895578,2.0
-0.2629805092925123,-0.8564290443553165,2.0
-0.865059248577286,0.2368470817092414,2.0
-0.1398634495575669,-0.8869379068048235,2.0
-0.48071447005019263,-0.7595609447082012,2.0
-0.8797385215399582,-0.18942007168866334,2.0
-0.7052682127556382,-0.560552567847586,2.0
-0.6067822755234674,-0.6672647980860603,2.0
-0.8481857935183713,-0.30953919258164975,2.0
0.013105989785802782,-0.9038088849554713,2.0
-0.39915834388882465,-0.8121117555022128,2.0
-0.33405242162702575,-0.8420656090592465,2.0
-0.2656802655743663,-0.8671182931294825,2.0
-0.3044983860477579,-0.8553230396382555,2.0
-0.9075915301596976,0.04891849421600916,2.0
-0.8737073142589831,-0.25410937244150417,2.0
-0.9103462449140083,0.03206870729402874,2.0
-0.6167802417572492,-0.6716885204205203,2.0
-0.8282498782413091,-0.3839428678285302,2.0
-0.8871465901198666,-0.21956677727776158,2.0
-0.49589634228560436,-0.7688667760031804,2.0
-0.7133030650958202,-0.5745439081158195,2.0
-0.9169152852575684,0.0017297946283268435,2.0
-0.7794387375770082,-0.4848180673192009,2.0
-0.6029844520757621,-0.6934131020553387,2.0
-0.7521118874090795,-0.5296983744390992,2.0
0.045523011523670144,-0.9197950847942453,2.0
-0.8917629773143628,-0.23387779375484447,2.0
-0.8264934426382058,0.4107253473218305,2.0
-0.19207517506432803,-0.9037380949827158,2.0
-0.7579719872398184,-0.5300609241465538,2.0
-0.368933600117315,-0.8492507397737492,2.0
-0.9199501847165397,0.11351293099114758,2.0
-0.927915045753372,-0.004889508475822046,2.0
-0.8365287488511773,-0.4038918262932923,2.0
-0.9297563560540069,0.01796643973243467,2.0
-0.37808871207316636,-0.8506946126353357,2.0
-0.931553310797087,0.026562283361353682,2.0
-0.6904356768776158,-0.6274252413199463,2.0
-0.9295891218281518,0.08998142881772467,2.0
-0.6717734699925442,-0.6502489812187078,2.0
-0.6004350256833214,-0.7179511516175355,2.0
-0.7078364310270276,-0.6138553662775049,2.0
-0.9302715560573993,-0.11967626086160944,2.0
-0.5359128332383639,-0.7709758532056695,2.0
-0.7066275507662186,-0.6198101283396659,2.0
-0.8256353868849737,-0.4513270014768927,2.0
-0.9228747059244766,-0.18856537103659196,2.0
-0.8008754400670863,-0.49773479197585624,2.0
-0.8882988356642281,0.3193044751738134,2.0
-0.9283621534813484,-0.17625169775204524,2.0
-0.726521934473386,-0.6057884212995651,2.0
-0.9360203952996781,0.14343758194831022,2.0
-0.7699422705305048,-0.5529866291955496,2.0
-0.5588188402573527,-0.7669586765170222,2.0
-0.882568063008216,-0.35139510748989966,2.0
-0.8906354552886263,-0.33328095789789597,2.0
-0.8714354485852159,-0.3831615557101402,2.0
-0.9518234241022323,0.04638426319404906,2.0
-0.7758037257223731,-0.5551186588646317,2.0
-0.9155755704820989,0.27140438598040206,2.0
-0.8856313898483159,-0.3598733541720002,2.0
-0.7294372300036257,-0.6194254958854671,2.0
-0.9547981432346018,0.077742876784548,2.0
-0.9004811128799874,-0.32975149781929697,2.0
-0.7678988885232058,0.5760680703971998,2.0
-0.9571075122587194,0.08597196327256322,2.0
-0.461088594284047,-0.8442559591041502,2.0
-0.9390907260111356,-0.2130874852221192,2.0
-0.7304666548420069,-0.62900317168123,2.0
-0.8319919988339092,-0.4888217440807974,2.0
-0.6444425030154602,0.7195721699119069,2.0
-0.9119410364804987,-0.32154107231918133,2.0
-0.96778762336703,-0.018684300084103826,2.0
-0.9291598462745221,-0.2748869638522229,2.0
-0.6666022403389632,-0.7046156369387636,2.0
-0.8554305833506691,0.45937255418303363,2.0
-0.9684050817651384,0.08319322033999801,2.0
-0.9661955575820568,0.11464096407726146,2.0
-0.9705992508415199,-0.081008618334939,2.0
-0.9208425472222453,-0.3203516896360936,2.0
-0.9574704991168883,0.18915429945712484,2.0
-0.9452772006313838,0.24685021269905186,2.0
-0.9366803996141371,-0.28119522469024016,2.0
-0.7105759523684547,0.6734104670989217,2.0
-0.8452657172247082,-0.49586956797746884,2.0
-0.9067171038555148,0.3744165843312437,2.0
-0.8138893865887099,0.5494294125140328,2.0
-0.8132816864804698,-0.5521127088463061,2.0
-0.9061392982271975,0.38358317604571174,2.0
-0.932886012969577,-0.3160998377911595,2.0
-0.9313142790060761,0.3237623793465657,2.0
-0.9380998157530545,0.3067768703239148,2.0
-0.8728938037455041,0.4627922555437354,2.0
-0.8230972325419013,0.548279277488513,2.0
-0.6138408162337348,-0.7767107779642837,2.0
-0.8999338961324762,0.41494834234772876,2.0
-0.9722956773247228,-0.19669577532804028,2.0
-0.9346078323321461,-0.33547471421344055,2.0
-0.965266844586286,0.23724244737939945,2.0
-0.9727568280302545,0.20918698235217192,2.0
-0.9832642263726521,0.1587434571119262,2.0
-0.9965594582970018,0.029534015978467897,2.0
-0.7006071302929442,-0.7107388078546841,2.0
-0.76052347679176,0.6477677371169202,2.0
-0.9619943692969296,0.273069283224977,2.0
-0.0,-0.0,3.0
-0.0009475405590916672,-0.0003227536101754041,3.0
-0.002001177794334472,5.744085203617272e-05,3.0
-0.0029713318078921935,0.00043498772793397765,3.0
-0.003623907321440079,0.0017027459557118576,3.0
-0.003269558218550879,0.00378946752930165,3.0
-0.005369372872170452,0.0026910858596076513,3.0
-0.003001944531653835,0.006331388175204466,3.0
-0.007999228982003427,-0.0003748705773954597,3.0
-0.0066276023305524585,0.006102223420398593,3.0
-0.008200633200581075,-0.0057402016959361285,3.0
-0.010151921684152564,-0.004263900749717174,3.0
-0.009124667359932141,-0.007812098191095009,3.0
-0.009430534505457258,0.008966801359360317,3.0
-0.009791106364344403,0.010026306645374242,3.0
-0.01327196504742476,0.007021796043823962,3.0
-0.014395310161332437,0.007020528070189638,3.0
-0.017002897766515146,0.0006930625504822102,3.0
-0.015268573804484206,0.009566589113923555,3.0
-0.018547524713074595,0.004208611583847382,3.0
-0.019898233043489307,-0.0022048862440027725,3.0
-0.020699577858721178,-0.0036620760828999133,3.0
-0.02172949083843844,0.003577524540886155,3.0
-0.013187439123744813,0.018871964351285027,3.0
-0.02301809969513761,0.006879012773035766,3.0
-0.00954780472906236,0.02313204060083812,3.0
-0.025846992949521006,-0.003047455688733726,3.0
-0.024895847623340604,0.010519361246532773,3.0
-0.021318651132188116,0.018195754148811173,3.0
-0.023419483209098372,0.017152618825910213,3.0
-0.02676867529920614,0.013610316907779054,3.0
-0.01847586407603425,0.024931252144501648,3.0
-0.02868543451835129,0.014254715801955021,3.0
-0.031130854027032532,0.01104767843979195,3.0
-0.019346148640922246,0.02800075008625892,3.0
-0.03273556149616624,0.012483456790362613,3.0
-0.022194445729594472,0.028390182668425603,3.0
-0.029215403090347033,0.022764057958795353,3.0
-0.027159626980281387,0.02663169164877065,3.0
-0.03848285768965996,0.00656629523620383,3.0
-0.035319724332410776,0.018860590645324967,3.0
-0.03545988309736822,0.020663100939921738,3.0
-0.04148232375638076,0.006837405563197118,3.0
-0.03323505526430303,-0.027352050306768225,3.0
-0.03822903681604177,-0.02187278125596776,3.0
-0.04142051480015258,0.0177030233802161,3.0
-0.04437556414281787,0.012290144973972031,3.0
-0.04592115611504688,-0.010230936267250952,3.0
-0.047960927849973495,-0.0028921135864917445,3.0
-0.004505957521054539,0.04884163755889509,3.0
-0.046877710389023795,0.01753532944359259,3.0
-0.043433971682538076,0.026827223436231735,3.0
-0.01173626188724951,0.05071169766181596,3.0
-0.05041077572934954,-0.016534210855534814,3.0
-0.05405247540249792,-0.0004131132301868478,3.0
-0.028244280677752368,0.0472580119779862,3.0
-0.05129645952588939,0.022604306241698523,3.0
-0.039666996223872174,0.04101264647139435,3.0
-0.043293306491442564,0.03868368801589187,3.0
-0.03861337608860794,0.044687578184336045,3.0
-0.025809421307257715,0.05423176731586841,3.0
-0.055844857456866015,0.024694231584014587,3.0
-0.019801492109577646,0.05881836836932471,3.0
-0.004542781970304894,0.06289922936623421,3.0
-0.04909839071432784,0.041152792537903306,3.0
-0.0024787841350585337,0.06501783079381326,3.0
-0.050213840770654924,0.04293361480827254,3.0
-0.033466974124991784,0.05812016111381319,3.0
-0.05559586485950886,0.0392729130704914,3.0
-0.03682469992778219,0.05843353298660481,3.0
-0.024954054508596203,0.06547602525510035,3.0
-0.04463739007137147,0.05530461599907789,3.0
-0.07206358094598375,0.0011062883907908105,3.0
-0.06029632392289769,0.041279865912181385,3.0
-0.02687434582250384,0.06902708154444806,3.0
0.045154408526942025,0.059977881657409214,3.0
-0.0029464825975104134,0.0760189949383408,3.0
-0.051264728718319386,0.05755695787811235,3.0
-0.07794267390089438,-0.0045962878005293105,3.0
-0.04905955507433281,0.06202145438397706,3.0
-0.0772583052707904,0.0210706784968448,3.0
-0.055577159813879055,0.05903660742538812,3.0
-0.01602800105780813,0.08050199613065853,3.0
-0.06925942373712599,0.04589042294631546,3.0
0.011028135844061428,0.08335774358788899,3.0
-0.053817048329992574,0.06590293630016353,3.0
-0.005746247759310372,0.08589409091613721,3.0
0.0017634330568823283,0.08706923131145575,3.0
-0.059071176093106595,0.06534605893236377,3.0
-0.07864200160083178,0.04186049902877923,3.0
-0.02391328594101663,0.08685838524830936,3.0
-0.003932460270214559,0.09100616810078666,3.0
-0.010657112348449408,0.09147338073063059,3.0
0.0011171051866256476,0.09308639029225116,3.0
-0.04708783696999424,0.08146431214265225,3.0
-0.06455961720905594,0.06982215219373682,3.0
-0.03311124974192706,0.09021144509117382,3.0
0.008385013984879994,0.09673436723913828,3.0
-0.0387111080309215,0.0901370454667913,3.0
-0.0689845288304287,0.07114609071689615,3.0
-0.027894985844439838,0.09613480017552728,3.0
-0.02504435640518885,0.0979500528642274,3.0
-0.0034448133634218487,0.1020439734357658,3.0
-0.003143784167926074,0.10305516236751366,3.0
-0.016590801093300855,0.10277358517829702,3.0
-0.07480790336816284,0.07382994455378387,3.0
-0.02417506409904731,0.10331540073390415,3.0
-0.01479440695448788,0.10608043135149062,3.0
-0.04910601828686001,0.09631179578185094,3.0
-0.09420580669428927,0.055046014166892046,3.0
-0.06124791880508531,0.09150370916255937,3.0
-0.053888060126880716,0.09716869860251998,3.0
-0.10081897360658269,0.0490373351962969,3.0
-0.04063621663491849,0.1055617082835433,3.0
-0.07836759524450133,0.08294908712965483,3.0
-0.07455610022738861,0.08770905111132937,3.0
-0.03486365451406261,0.11075864758932118,3.0
-0.08906688815159348,0.07604938235657187,3.0
0.014928252382384589,0.11717097383129293,3.0
-0.027602694937088498,0.1158768992160427,3.0
-0.010483753446654078,0.11966174898998366,3.0
-0.018464954638809438,0.11970535256129528,3.0
0.0029372814747845944,0.1220867932626146,3.0
0.030130760574799485,0.11937939820076095,3.0
0.09538131180823761,0.0794304950716079,3.0
0.03550356170841201,0.11998247390179619,3.0
0.012643824173338324,0.12549077018592714,3.0
0.08526359586398585,0.09429435652222054,3.0
-0.0047253347421517935,0.12804096387169472,3.0
-0.024221501679469713,0.12683710358581496,3.0
-0.04446591305484142,0.12229731535844884,3.0
-0.118509543986888,0.05613253544736564,3.0
-0.0537412082142322,0.12070949789249297,3.0
0.03601568678304142,0.12816903465108256,3.0
0.06428914666620952,0.11772370857581956,3.0
-0.06093226050841524,0.12061825888863534,3.0
0.09598841890361774,0.09653637137607869,3.0
0.09250331893767695,0.10124095202873376,3.0
-0.09431483527058222,0.1009299611421419,3.0
-0.13482939917049377,-0.034361797969611196,3.0
-0.023829040096413442,0.13809936903035305,3.0
-0.026224723908383818,0.138683400515536,3.0
0.09956621010265933,0.10144436099926914,3.0
-0.02437264865899312,0.1410529454717045,3.0
0.02424271680951243,0.14209090390570955,3.0
-0.02360952930864572,0.1432120919651321,3.0
0.046916192159139704,0.13841086282029091,3.0
0.06567867894884549,0.13167609519225063,3.0
0.05468745503873183,0.13768498851041217,3.0
-0.024122769339978728,0.14718546358688184,3.0
-0.060867833474953954,0.13725951492766508,3.0
-0.028394260048481865,0.14846021854563374,3.0
0.05538551421438099,0.14171352165456996,3.0
0.06459799747201868,0.13886319542397924,3.0
-0.03957467434748814,0.1489877457822387,3.0
-0.0553332514447853,0.14495293531270223,3.0
-0.04429808914103829,0.1497411914067684,3.0
0.08725815055846653,0.13070725766703004,3.0
0.10132611884220695,0.12143731153297127,3.0
-0.03588459574231077,0.1550610645283383,3.0
-0.009012313278199954,0.15990639484368263,3.0
0.060329990882725074,0.1494430060822656,3.0
0.020873931685350025,0.1608130772452997,3.0
-0.11710384777369659,0.11361736949077766,3.0
0.08774208719833745,0.13874868983092412,3.0
-0.09575488170233021,0.13457538561790947,3.0
0.06006950579566694,0.1549285294961076,3.0
0.008410600387778104,0.16695545387861016,3.0
0.07400230643100174,0.15101056727239126,3.0
-0.058632999181854856,0.15868326693236304,3.0
0.16972126877793398,-0.012352236240979387,3.0
0.06313711836939316,0.1591014585857704,3.0
0.1067667493615065,0.13507078922276775,3.0
-0.025446881195930568,0.17129332778677056,3.0
0.08529853068707842,0.15185784013965528,3.0
0.052420051647715585,0.16714807860966915,3.0
0.03680418196748951,0.17228899338542492,3.0
0.11489843934030525,0.13487068157918913,3.0
-0.0009292245708791643,0.1781757551424758,3.0
-0.01622469876900991,0.1784430928928864,3.0
0.07766361704007847,0.16258308619906997,3.0
-0.05165011200694684,0.17366314042961978,3.0
0.10349043585549485,0.14993357592981474,3.0
0.12165886500055399,0.13694962273734318,3.0
0.017236729838646752,0.18337586768182718,3.0
-0.039775201722094373,0.1808631696615926,3.0
0.08738303005105096,0.16440651442584114,3.0
0.06983996149874562,0.17367044315284275,3.0
-0.03813697658563451,0.18428338283865883,3.0
0.1585871104620331,0.10316335444994862,3.0
0.1801413739922168,0.06100322795374842,3.0
-0.01746982670724895,0.19039137780877924,3.0
0.16931893974923,0.09093368672740132,3.0
0.19286741414352973,-0.011214742875815868,3.0
0.0023166071774720757,0.19418037591352452,3.0
0.11311466948086224,0.15907933799059398,3.0
0.012754258634022847,0.19578119493085325,3.0
0.17296334922284418,0.09471227168665487,3.0
0.15387225176073838,0.12492340015822577,3.0
-0.03963129461579524,0.19521701116623594,3.0
0.09403465703563856,0.1767416290419155,3.0
0.15944042186744067,0.122721942779353,3.0
0.11216721758477095,0.16823865749200126,3.0
0.1538103240912628,0.13279279346027403,3.0
0.027031258812372574,0.2024071838193765,3.0
0.1748847163568339,0.10735228096365784,3.0
0.042589067506302966,0.20176018142066585,3.0
0.18015080455892998,0.10237438319902453,3.0
0.09434569939924858,0.1856058915286344,3.0
0.032043732063420934,0.20674064054604832,3.0
0.18207517101712092,0.10505695872100494,3.0
0.13009576323925545,0.1663889062663207,3.0
-0.09989886357059119,0.187227775902256,3.0
0.06916081711247266,0.201684544933513,3.0
0.21389941370089835,0.011609064984967728,3.0
0.13982018668467203,0.16360899808872026,3.0
0.015633465714082435,0.2156502884408555,3.0
0.05488102706917638,0.21016991298333845,3.0
0.0899098455499712,0.1988351338056588,3.0
0.2142712346676012,0.04631310904167274,3.0
0.05848954230586743,0.21231090135622438,3.0
0.17307199694971084,0.13778574886557673,3.0
0.18213045615893894,0.12732326177379974,3.0
0.18406064906917982,0.12629443713163768,3.0
0.12871892183687172,0.18359722734864078,3.0
0.06698190645747688,0.21503447696840441,3.0
0.22573408863265973,0.01491397538358613,3.0
0.06339415432405969,0.2182049357620291,3.0
0.1099236007096038,0.2000123150389291,3.0
0.17095970463784177,0.15270500621514813,3.0
0.20241849770705905,0.10969371311922184,3.0
0.02184467462929309,0.23019707315048868,3.0
0.20210008702845056,0.11440001971441324,3.0
0.01652110790320224,0.23264735992071459,3.0
0.17800193103549503,0.1522530427772561,3.0
0.23486352842771316,0.013218884622434375,3.0
0.07386108477928807,0.22439273487858208,3.0
0.16346908984449468,0.17192836705258885,3.0
0.21581738612338763,0.10089754211936068,3.0
0.23845978141247554,0.019296275300801982,3.0
0.2286245805475787,0.07379819916591489,3.0
0.08456408207160018,0.22593417735925309,3.0
0.15996935919979346,0.18190961503932834,3.0
0.09509121471717262,0.2238859894390539,3.0
0.15386660495908502,0.1896847878054719,3.0
0.2415388172102483,-0.04247622977707347,3.0
0.1878759996937857,0.1591848690341754,3.0
0.22766381298262747,-0.0964385272054309,3.0
0.22164644455250002,0.11180360627260388,3.0
0.24915561246483692,-0.006831473383273254,3.0
0.07074870263082628,0.24004126484079316,3.0
0.19093221413528186,0.16331589286018142,3.0
0.25103291176427245,0.02477248428165613,3.0
0.13338799803817575,0.21527854575578137,3.0
0.2244758356504175,0.11939775967510326,3.0
0.13398052397421828,0.21726588441589134,3.0
0.14409269856425608,0.21190696800941328,3.0
0.22839063118591593,0.11840192565167827,3.0
0.22713320671085416,0.12291393073136024,3.0
0.2592459710406427,0.002624883017212693,3.0
0.20606914280076694,0.15896827185352286,3.0
0.18397499274467277,0.1855010746071909,3.0
0.19979055598355844,0.16989769847381755,3.0
0.24098003851834526,-0.10600078688254681,3.0
0.23266263092869674,0.12531441072945257,3.0
0.20538760569659384,0.1678737394069485,3.0
0.2636155870737121,0.03747728382847824,3.0
0.2581249217191004,0.0693059661214036,3.0
0.25525400441020457,0.0825424556953015,3.0
0.0285768514090641,0.26774858157672937,3.0
0.258100810860895,0.0801872210823737,3.0
0.26984452196065045,-0.027785546331855072,3.0
0.17948997929687888,0.20473284441025172,3.0
0.2608071314841614,-0.0815960909142861,3.0
0.2684784809194526,0.056086387045903886,3.0
0.2655964112711535,0.07235346223756577,3.0
0.26178721904324864,-0.08829514583875776,3.0
0.2767692712024526,0.01677674021862858,3.0
0.24032830367666222,-0.14028936742825845,3.0
0.277230308096356,0.033767915356935845,3.0
0.2786430979197082,-0.03024995034211451,3.0
0.2714558899298922,0.07369436221048063,3.0
0.26988028684651605,0.08275214596695558,3.0
0.2641545969278952,0.10233165448490573,3.0
0.2830759461542224,0.02618325800811533,3.0
0.27533876096676296,0.07467436447399065,3.0
0.28440120287340376,0.03279929145201932,3.0
0.24272597084506495,0.1536817767798415,3.0
0.25115308486291466,-0.14153538472068677,3.0
0.2837215190413926,0.056483559823605374,3.0
0.18249307544501797,0.22575369332845915,3.0
0.2719605428992561,0.10434596057389948,3.0
0.257302332948513,-0.13867333410838362,3.0
0.22360683752532434,-0.18979182833501804,3.0
0.21373000348374305,0.20230822342410074,3.0
0.2521812803890604,-0.15363565095663745,3.0
0.29561665182493563,0.020057177336738705,3.0
0.29727647609451435,-0.0035184856266898463,3.0
0.28799453893570803,0.07772400086761813,3.0
0.2987465689764838,0.018181256442572038,3.0
0.2960047030351358,0.050611126657402083,3.0
0.2961605011314351,0.05542049923480263,3.0
0.28790171386471286,0.09219156757010674,3.0
0.29596410229861553,-0.06631850379245777,3.0
0.29814629602450593,0.06090891383856997,3.0
0.29390420399746975,-0.08265378587928922,3.0
0.302674542245856,-0.04702844627748456,3.0
0.24429927034011203,-0.18642866634655916,3.0
0.21024623413681534,0.22550062971800833,3.0
0.30686285756985254,-0.03882570629707065,3.0
0.28477220724568153,0.12327724309581102,3.0
0.2929737511384305,-0.10526686892961694,3.0
0.26028390757687203,-0.17260147125206568,3.0
0.20884908429332213,-0.23355361758963883,3.0
0.2685573737552238,-0.16331082384390394,3.0
0.25372311823541815,-0.18721198504714578,3.0
0.31322496645539044,-0.04411499016143387,3.0
0.31439076619939765,-0.04299681381235983,3.0
0.3130897003267448,0.05745773513036659,3.0
0.2533390277141634,0.19438149275945943,3.0
0.31862975206131816,-0.03286622447826223,3.0
0.2136517550712566,-0.24000066477127013,3.0
0.10803847044254734,-0.3036764205065811,3.0
0.3137107424359412,-0.07825306054799919,3.0
0.3154158199706233,-0.07549256824806577,3.0
0.30224406030132733,-0.12035404152165541,3.0
0.2771128049968688,-0.1723292330407217,3.0
0.2675739095638516,-0.18854013401917133,3.0
0.28116084879510117,-0.1695525531736187,3.0
0.28004430659841,-0.17330029861001858,3.0
0.3125154064207156,0.10701517596042194,3.0
0.3050580870290703,-0.1293058956890853,3.0
0.21255941841161768,-0.25546677427399955,3.0
0.29769199337624885,-0.14996862402111477,3.0
0.2898824399720262,0.16657616309258386,3.0
0.3344649567223952,-0.024144975650186883,3.0
0.3289545552011124,-0.07007875393146938,3.0
0.27476793535619787,-0.19570145850743367,3.0
0.29199297931029916,-0.17091790784772407,3.0
0.2972236342417958,-0.16373545270147966,3.0
0.2710213216812347,-0.20586158081860584,3.0
0.32652293696802354,-0.09948207347297419,3.0
0.31961443236278997,-0.12265762913839921,3.0
0.21864355798350119,-0.26472560505266635,3.0
0.32198028605006496,0.12207261313273642,3.0
0.3310319817075534,-0.09839326520888451,3.0
0.3012132457701474,-0.17095722330476731,3.0
0.3432378529142289,0.05327246977631971,3.0
0.22735207055537138,-0.2639272775050121,3.0
0.34128918821470466,-0.07461003885913514,3.0
0.30685580779885696,-0.16907063970637884,3.0
0.3513471309500151,0.0017221119631724683,3.0
0.33518777066329336,-0.10863396617084224,3.0
0.3219160715920072,-0.14570049820377926,3.0
0.32995275581484473,0.12922146640585994,3.0
0.13148194011579434,-0.33013622643254037,3.0
0.30407818750256643,-0.18581256308638694,3.0
0.32259706392197257,-0.15373813842490985,3.0
0.059766046397657244,-0.3533394015720447,3.0
0.32054809187958805,-0.16244405175790325,3.0
0.11834477986481028,-0.3403734748739954,3.0
0.20740869091179087,-0.29591158885584995,3.0
0.34491740524326725,0.11107864428900711,3.0
0.2268890017478996,-0.2838209201601905,3.0
0.3217050123106565,-0.17107681044737655,3.0
0.3573896356674841,-0.07592429470222213,3.0
0.2644495010869969,-0.25355625762211637,3.0
0.36200167476054645,0.06255853320682798,3.0
0.2532604474435053,-0.26749654310867166,3.0
0.10931890227875246,-0.35282163855536725,3.0
0.2878008710902152,-0.23311986154765676,3.0
0.23817550575669386,-0.2849370525779266,3.0
0.18363937318939172,-0.3239409889483516,3.0
0.14350458711153855,-0.3446942259774007,3.0
0.32606788247349644,-0.1839453946350773,3.0
0.33619044226763434,-0.16698101378928198,3.0
0.11303032020708186,-0.3590032359298399,3.0
0.3743505140496839,0.047700918093522206,3.0
0.3465467598865028,-0.15190635416735498,3.0
0.20129414192092873,-0.3215732916872918,3.0
0.31418785359111084,-0.21441834444406466,3.0
0.2295534478289252,-0.30456029395543927,3.0
0.346224596566735,-0.16231085942914628,3.0
0.3663063015254868,0.11314818653964136,3.0
0.16410078724608296,-0.3475950036806887,3.0
0.22792797093805148,-0.3107583230304617,3.0
0.214335177827146,-0.3214885241039493,3.0
0.18658603253853476,-0.3394917382917507,3.0
0.3380756078086207,-0.1911816508971541,3.0
0.16249415796834968,-0.3538640207695585,3.0
0.387403567006694,-0.048198891892359375,3.0
-0.12511601728426205,-0.37085469320774894,3.0
0.24758591604371913,-0.3044224101215574,3.0
0.30181640742166566,-0.25231967457304694,3.0
0.2226894387845008,-0.32550937341890046,3.0
0.32882301789337,-0.2195744557169106,3.0
0.27406135322429437,-0.28639217472709966,3.0
0.2578432184574877,-0.3023930656508334,3.0
0.15215148610991633,-0.36819995806756,3.0
-0.060810252483078586,-0.39474294602126225,3.0
0.3076510814084345,-0.25626410741463923,3.0
-0.010910623962641655,-0.40125309136722526,3.0
0.3130313578210018,-0.25286174578208725,3.0
0.16838306365142508,-0.36658075474963103,3.0
0.2628785914856907,-0.3073072866695165,3.0
0.3862855053976782,-0.12303272349900024,3.0
0.0451965288324973,-0.40388543047461173,3.0
0.05891736216552652,-0.4031247202118488,3.0
-0.07330633529182091,-0.40177557076653186,3.0
0.3469602290465371,-0.21733537211631224,3.0
0.38082615933617936,-0.15299719389092234,3.0
0.2748384733188838,-0.30614239011165184,3.0
0.39286333606489066,-0.12546870959641895,3.0
0.09678857515449367,-0.4019236520904098,3.0
0.29272924994788935,-0.2933409161698861,3.0
0.3123988013978061,-0.27381920358144396,3.0
0.1944711075673434,-0.36821681137968304,3.0
0.28545351029390226,-0.3045547468425267,3.0
0.07738543240762821,-0.41120003370969593,3.0
0.1824547864225342,-0.3776544721006628,3.0
-0.20871953041317898,-0.3649513495393395,3.0
0.21947484052756622,-0.3597593762617601,3.0
0.10484064920927583,-0.40920550001020883,3.0
0.11451770098162915,-0.4076433387969119,3.0
0.06561121644630716,-0.41932238233182806,3.0
-0.14695479581872384,-0.39923812516376916,3.0
-0.035240216693189774,-0.4249677920527972,3.0
0.3638464820748462,-0.22429878109117607,3.0
0.4067266187258724,-0.13462680232952073,3.0
-0.09420121552685758,-0.41896988657103723,3.0
0.3642532453760138,-0.22932494123746572,3.0
-0.22944213150783435,-0.36536199626687443,3.0
-0.16827650538214817,-0.39834761999515217,3.0
0.011978858284796013,-0.43326787115142446,3.0
-0.022267846038129306,-0.4338633665743042,3.0
-0.05820135109649026,-0.43152823912623645,3.0
0.017494653406980285,-0.4360856568972491,3.0
-0.00416637331918175,-0.43741759567397065,3.0
0.28237245461666377,-0.3354013434291767,3.0
-0.002830492598418523,-0.43943032354003414,3.0
0.30971303889110763,-0.3131542992139888,3.0
0.1531072679714666,-0.4140395038111836,3.0
-0.06323948722617831,-0.4378996256333225,3.0
0.16221771154954154,-0.41270752548579503,3.0
0.007929347555813157,-0.44437370494311423,3.0
0.08434580283655486,-0.43738704874738615,3.0
0.3096651717889475,-0.3215927718801861,3.0
-0.18408121967795765,-0.4078275650187365,3.0
-0.18466270362239529,-0.4086633049426974,3.0
0.08319812482472812,-0.4416818760556767,3.0
0.11930234581101437,-0.4343645457389482,3.0
-0.32731717676352295,-0.3109210170013904,3.0
-0.07441103361186037,-0.4462916308951506,3.0
0.20760531288797798,-0.40313777856899996,3.0
-0.20646459335916353,-0.4048471598795415,3.0
0.11932083521024946,-0.4395477336864164,3.0
-0.09149056642380365,-0.44719344013104273,3.0
-0.15625292694713785,-0.42994458736434155,3.0
-0.17932298547259898,-0.42193296270059316,3.0
0.3843895198707697,-0.2516896738054579,3.0
-0.06748430952987501,-0.4554884231401884,3.0
0.3088082227373896,-0.3429054709157068,3.0
-0.25243587663602973,-0.387488912581823,3.0
-0.18948446483634876,-0.42295864993073684,3.0
-0.27471925107854,-0.3745084402748593,3.0
0.008378454184050572,-0.4653900525865032,3.0
-0.04246605662198807,-0.4645294375738626,3.0
0.17635377752587178,-0.4329262966057884,3.0
0.25204287922921226,-0.3948887096120135,3.0
-0.16403619423369242,-0.43987919903681677,3.0
-0.10533250108627247,-0.4585275649288887,3.0
-0.4211852037646011,-0.21186876254239553,3.0
0.12403972787488468,-0.45589953186308035,3.0
0.2387777329040664,-0.4088548940054776,3.0
0.24285696667639095,-0.4076107465028015,3.0
-0.011515532619516922,-0.4753360077746249,3.0
0.09702948976993997,-0.4664923480084356,3.0
-0.022245860368511155,-0.47695897433083245,3.0
-0.054232122958362494,-0.47539513166050495,3.0
-0.3698251236359239,-0.3051719993210161,3.0
-0.2979351437861659,-0.3769564195233582,3.0
-0.1400595592844523,-0.4606601099103841,3.0
-0.34845930983027457,-0.33371463152679975,3.0
-0.1238880578713317,-0.46734144682254897,3.0
0.25711865792255173,-0.4106278259620292,3.0
0.03414434894415058,-0.4842833055684014,3.0
0.08383859466850895,-0.47920787929454567,3.0
-0.06632069054292308,-0.48295508741783966,3.0
-0.44148360787938334,-0.20907708473089778,3.0
-0.17303330875367628,-0.4578858311658442,3.0
0.025015715015440823,-0.48985215653691694,3.0
-0.13407846485647418,-0.4728497134082478,3.0
-0.033199194706911204,-0.4913722302209196,3.0
-0.4759922657878602,-0.1302581706863401,3.0
-0.16281016410590538,-0.46692360783020365,3.0
-0.46428414713198274,-0.1730780655607578,3.0
-0.22339165321033305,-0.44340155650296253,3.0
-0.24946004569285588,-0.4304340200532374,3.0
-0.47792572480464085,-0.1417312759246038,3.0
-0.0016116502882370033,-0.49949689947345915,3.0
-0.31039169544728307,-0.3926292734865966,3.0
-0.010667041314964907,-0.5013880435728851,3.0
0.04161503136248739,-0.5007763514643805,3.0
-0.48003481256983754,-0.15192878845480026,3.0
-0.4804518636355134,-0.1539181659015517,3.0
-0.4983252905298995,0.08489829747802964,3.0
-0.5057256347795323,-0.02811447065596121,3.0
0.10855077341969913,-0.49576264458555963,3.0
-0.3207993076825252,-0.3945487389613106,3.0
-0.10802549823026525,-0.4979261310804283,3.0
-0.20757016214206533,-0.4664071280866308,3.0
-0.1950419266989182,-0.4728664433414207,3.0
-0.3028142266831268,-0.41348835485438784,3.0
-0.06612410287605497,-0.5092383838437852,3.0
-0.20717621534801156,-0.4709598724309544,3.0
-0.4713668672563467,-0.20873313869667515,3.0
-0.35700022487755456,-0.3732829372898423,3.0
-0.23920414484871902,-0.4589180297446235,3.0
-0.46029455808177444,-0.23872656711590173,3.0
-0.2793477274377272,-0.4380244038146387,3.0
-0.29583225371137284,-0.4282813210344383,3.0
-0.4204824291802878,-0.3085113031329113,3.0
-0.35325350617698253,-0.38502174862852706,3.0
-0.29073140216174154,-0.43537585082265756,3.0
-0.3548584275324021,-0.38626606534474317,3.0
-0.5255254544196757,-0.00027337862606406936,3.0
-0.5252362909953551,-0.03683777622946038,3.0
-0.3674393868384175,-0.3785149789626748,3.0
-0.5170953864062527,-0.10933785632570149,3.0
-0.4890265439610749,-0.2031121905382631,3.0
-0.35574442345396634,-0.39358423368627365,3.0
-0.34982160643721677,-0.40018822156822725,3.0
-0.5164652071682538,-0.12982522093247315,3.0
-0.44702846207814567,-0.29124488922009595,3.0
-0.42717778544042034,-0.321319635622023,3.0
0.034940671028402294,-0.5343944791344853,3.0
-0.16171018906475457,-0.5115870109680889,3.0
-0.507245862425996,-0.17789952027374092,3.0
-0.5202631104587687,-0.139104469327883,3.0
-0.5307978230740573,-0.09672944611843964,3.0
-0.2686108185091819,-0.4690760110554441,3.0
-0.5308426373028337,0.10711365756317633,3.0
-0.2805969440492082,-0.46434660056769245,3.0
-0.45891079353608655,-0.291273869929919,3.0
-0.30179595082888244,-0.4532636815988197,3.0
-0.1611744971439964,-0.5211935568816702,3.0
-0.1283527999528726,-0.5312614104997786,3.0
-0.5200761320491176,-0.17125750698338035,3.0
-0.3790760292686976,-0.3964932208103902,3.0
-0.49688117899775164,-0.2347632879474922,3.0
0.06188573318746593,-0.5470612988864814,3.0
-0.5230719870770105,-0.1749423057874554,3.0
-0.4450800252743655,-0.3274417420459882,3.0
-0.344396385082093,-0.43337358779020385,3.0
-0.5543791333988499,0.013947416575863026,3.0
-0.5549554645330341,0.025814873495067482,3.0
-0.5518743028381039,-0.07204133891765375,3.0
-0.45708638006301333,-0.3192843108429219,3.0
-0.34009359874818024,-0.4430846504106483,3.0
-0.5489602962164921,-0.1083950823256736,3.0
-0.5333989316880977,-0.17237668557541636,3.0
-0.502345684402348,-0.2509984079347839,3.0
-0.4217417757560324,-0.37230432629651994,3.0
-0.055921575562661766,-0.5607821926229936,3.0
-0.45364754742308355,-0.3360610811727499,3.0
-0.5646874818795635,0.0315032817658038,3.0
-0.5665623670331302,0.002181424498882594,3.0
-0.2158073919477669,-0.5249381995390203,3.0
-0.3460541545148833,-0.4511282958395541,3.0
-0.4407164034694587,-0.3608026417483804,3.0
-0.5591622910756976,-0.11352668514584263,3.0
-0.5630801282943532,0.09815717268142414,3.0
-0.5262283995426807,-0.2256613001316855,3.0
-0.5515292904627839,0.15748678059944496,3.0
-0.5707168588919425,-0.06646960752154414,3.0
-0.5127319828582287,-0.2615208537639478,3.0
-0.3041462376588586,-0.4898322312534425,3.0
-0.5224420472917589,-0.2462725428097461,3.0
-0.4030103633280235,-0.41513349496303337,3.0
-0.5724005657943272,-0.09093998759608643,3.0
-0.4292017740636137,-0.3909726942996541,3.0
-0.570824494675669,-0.11133971579450448,3.0
-0.45359887425563716,-0.3655824487070055,3.0
-0.5732903459208454,-0.10912368350736171,3.0
-0.5844796465196267,0.011076070522690976,3.0
-0.41624474440679404,-0.4118868665050342,3.0
-0.539696913082183,0.22980658296242434,3.0
-0.5525475639157301,-0.19987586822273729,3.0
-0.5612796178249378,-0.1772052968480298,3.0
-0.5590865777039576,-0.18718462218808815,3.0
-0.5582385312909774,0.192787416280822,3.0
-0.23666326762314077,-0.5421910262995968,3.0
-0.5218988270365298,0.28069128082914296,3.0
-0.5835260366113316,-0.10886100749132906,3.0
-0.5117427699384873,-0.30275744307414604,3.0
-0.5599573102134625,0.2029332999568488,3.0
-0.38743612915076003,-0.4536747126513861,3.0
-0.5064777915861942,-0.31717997301909184,3.0
-0.4412297218044524,0.40452022797453724,3.0
-0.5981563657694944,0.04157693987574281,3.0
-0.5720930008583158,-0.18284058578644188,3.0
-0.6013110064961668,0.01869653754519943,3.0
-0.4980603309013343,-0.33921350716898585,3.0
-0.5518614512153405,-0.24451226747497665,3.0
-0.4846838396785632,0.36142537744814646,3.0
-0.4364893915613151,-0.41980371674791694,3.0
-0.4864172589310367,0.36244975568042415,3.0
-0.565122368400372,-0.22321226121383794,3.0
-0.5987082657256956,0.10932909504901492,3.0
-0.5639925259445583,0.23137914082098532,3.0
-0.5934163302367935,-0.1438832054082736,3.0
-0.6095653346480314,-0.04998866125019079,3.0
-0.5389768210077689,0.2912013041667404,3.0
-0.5430796313075085,-0.28563294780339654,3.0
-0.17108905429621668,-0.5903216580796418,3.0
-0.5790720939138493,0.20894519913131188,3.0
-0.5534533695745998,0.2718555123484624,3.0
-0.4653283911478711,-0.40610467860318417,3.0
-0.26592667692706673,-0.5585445351985242,3.0
-0.495197594841959,-0.372434981010513,3.0
-0.580410250453722,-0.2197587220288926,3.0
-0.6183800578775444,-0.06339987765650154,3.0
-0.6222347995117837,0.021972357133521653,3.0
-0.6177208088544957,0.08560038697112683,3.0
-0.5771413911910273,0.23888017134441877,3.0
-0.6211428936635465,-0.07475914051627164,3.0
-0.5694444089317431,0.26152245474116254,3.0
-0.5989604909519385,0.18751738383439762,3.0
-0.6200614113304388,-0.10343016441258686,3.0
-0.17707857091559456,0.6042157315314087,3.0
-0.31824672251760283,0.5444391755709638,3.0
-0.6243513549096582,-0.09562376116902765,3.0
-0.631056360746764,-0.04463090221747168,3.0
-0.5885249158579858,-0.23479779616962465,3.0
-0.4989860296143981,-0.39214035972785977,3.0
-0.4888490992878034,-0.4062748077538427,3.0
-0.6353335709553807,0.04071192362310009,3.0
-0.5570391405910659,0.3103049351552019,3.0
-0.5581742132559822,-0.3103237960876977,3.0
-0.5411868909365705,0.340962780485989,3.0
-0.6197092410053492,0.16242194141502111,3.0
-0.5679009870805878,0.2986510759422689,3.0
-0.6235155084697603,-0.15562126088814293,3.0
-0.507661527848937,0.39567273490215205,3.0
-0.6279540479167801,0.14574097424523566,3.0
-0.6412277782841423,-0.0754005046267293,3.0
-0.6064556930479021,-0.2244178646835891,3.0
-0.624344902904701,0.17216537898326412,3.0
-0.6149271112899661,0.20642121304336844,3.0
-0.45261657631265706,0.46602886405985766,3.0
-0.6506116066563917,-0.007127866167633421,3.0
-0.4484157450926569,0.4728352722178442,3.0
-0.6521831992884713,-0.02474994101807255,3.0
-0.46812904917887127,0.4561998380640402,3.0
-0.4399902124606648,-0.4847487285180068,3.0
-0.5490947593879477,0.3583005498264545,3.0
-0.5477207848594641,0.3622152765475676,3.0
-0.5977674078049409,0.2742037943609066,3.0
-0.5182219161273445,0.40654307800198375,3.0
-0.6214411283025718,0.22127311322509235,3.0
-0.5816971232545782,0.31321073631331464,3.0
-0.6597184521992162,-0.05067265871001469,3.0
-0.46575296559030316,0.4713766853918505,3.0
-0.09837937879719924,0.6563314378383484,3.0
-0.6426917582412768,0.16948870269881508,3.0
-0.4938154598707236,-0.44638220174955406,3.0
-0.6158045282239654,0.2554001320737792,3.0
-0.1169071367787865,0.6573529005176513,3.0
-0.5977903292617356,0.29960726076027516,3.0
-0.6136840163378513,0.26804737373630133,3.0
-0.25378725345955966,0.6207988228720319,3.0
-0.36443508351401266,0.5642073239779438,3.0
-0.298362896826558,0.6028831614482704,3.0
-0.6675453078663086,-0.09066135089804661,3.0
-0.6008207314126315,0.30692078025472397,3.0
-0.31682060679056145,0.5967933660930232,3.0
-0.5626254866215428,0.3759572935348692,3.0
-0.6687032800517154,-0.10992250939042215,3.0
-0.6195132103077206,0.27714279919792095,3.0
-0.6602605700331217,0.16130854481089732,3.0
-0.4763065720571881,0.4862697178182551,3.0
-0.5709688465645676,0.3724036672659021,3.0
-0.6758448770154722,0.09638126086934967,3.0
-0.5243194288846152,0.43876248224911185,3.0
-0.17897858709881426,0.6608780392794712,3.0
-0.22918730884764704,0.6462492065893948,3.0
-0.5512388641983628,0.40948054931832695,3.0
-0.5329617105455348,0.43458735702918966,3.0
-0.08384293517368459,0.6835659969229064,3.0
0.3448748895691705,0.5972714446622347,3.0
-0.6788557134410146,-0.12731280585736232,3.0
-0.4207135869494404,0.5490332176758068,3.0
-0.3033028650964323,0.6227604182461732,3.0
0.1004130545072661,0.6863877615130685,3.0
-0.4049475098820735,0.5644627827211135,3.0
-0.30455610206998035,0.625490273067022,3.0
0.06517908397597401,0.6936410989842959,3.0
-0.4739235951251738,0.5120336935752356,3.0
-0.11513523941733732,0.6891471165198092,3.0
-0.6862381809083594,0.1365900026482013,3.0
-0.5341296443858844,0.45352728137418763,3.0
-0.34906487650447965,0.6087191389811695,3.0
-0.15534054349850548,0.6853177393963125,3.0
-0.537776798675371,0.45386673970757047,3.0
-0.5570264598300638,0.43165987059504535,3.0
0.22628007336879002,0.668444366766452,3.0
-0.48985387324141455,0.5093893915018483,3.0
-0.6121826238926078,0.35508116614776986,3.0
-0.3055400684037133,0.6394632908927764,3.0
-0.22512937587913295,0.673056190947318,3.0
-0.19330155610227634,0.683918286586462,3.0
-0.032270347090345805,0.7109797361994807,3.0
-0.286549254670292,0.6525710195145153,3.0
-0.6372737973743621,0.321355523249689,3.0
-0.5935266907491519,0.39817482441522684,3.0
-0.4566891860334043,0.551075288034771,3.0
-0.7124128937151523,0.07842653179628305,3.0
-0.6420920849472269,0.32068126975870087,3.0
-0.5617950980200855,0.44826651054621436,3.0
0.1000531009388257,0.7127312620798648,3.0
-0.18890920793736632,0.695522586572623,3.0
-0.06299537901423166,0.7189671938467148,3.0
-0.4617964078905745,0.5559426333706633,3.0
0.21474963483473314,0.6911285138227778,3.0
-0.49751773035982905,0.5269744155126816,3.0
-0.43822830414357417,0.5784753948333311,3.0
-0.03334631285139148,0.7259612653290529,3.0
-0.17954755177494633,0.7052306873324393,3.0
-0.6805348371312413,0.26061062051525063,3.0
-0.4067943907939455,0.6058248939008756,3.0
-0.037042946186464386,0.7297912173848725,3.0
-0.3638297512723899,0.6348694663568172,3.0
-0.3824355747795079,0.6250122308891609,3.0
-0.3213303824186031,0.659630182263941,3.0
0.04583164621772193,0.7333038869600341,3.0
-0.4744268628832083,0.5623399546656825,3.0
0.0024740002214957146,0.7367325828144157,3.0
-0.14432117429864955,0.723483495548761,3.0
-0.09769989903452779,0.732249720957233,3.0
0.16677509314195227,0.7206947695506822,3.0
-0.11343871844673817,0.7320030752328182,3.0
-0.17623560148416217,0.7205010924430222,3.0
-0.5273472881731985,0.5230407436838794,3.0
-0.019856088935272277,0.7434786426590573,3.0
-0.5603258708150838,0.49059112641815383,3.0
-0.6915524331913826,0.27909129231302926,3.0
-0.2471626260087303,0.7046568952911186,3.0
-0.5666917745122158,0.4878392429499962,3.0
-0.09830399758106666,0.7422674806378079,3.0
0.004604388493412057,0.7497356113033541,3.0
0.1773134518691522,0.7295112264654066,3.0
-0.3949541460712498,0.6396420239188145,3.0
-0.4039666706559609,0.635175279569337,3.0
-0.16732863713212148,0.7349461534652598,3.0
-0.7125089747983258,0.2489692765317615,3.0
0.24640950553312946,0.7144572191117339,3.0
-0.3541096558817614,0.6687952904352017,3.0
-0.09775505763640695,0.7514258234507032,3.0
0.15231574610706408,0.7433133709822397,3.0
-0.2808542399408919,0.7059431906728981,3.0
-0.4009659130869978,0.6465162578432204,3.0
-0.11691433506397532,0.7527363548673146,3.0
-0.06176369709223258,0.760258033814166,3.0
0.052059433838185225,0.7619874685236221,3.0
-0.20670042949463305,0.7363016215332139,3.0
0.14264111566017595,0.752363422916113,3.0
0.017630492448610424,0.7665640484356026,3.0
-0.2928789643085392,0.7097106857647406,3.0
-0.0430493613882705,0.7675624875658729,3.0
-0.13158409232095497,0.75843992847125,3.0
0.48303490979856245,0.600637042639282,3.0
-0.03896504261489805,0.7707875149207848,3.0
0.020416756689191386,0.7725030190136566,3.0
0.31842076145869846,0.7052191656869302,3.0
0.06743928907571023,0.7718341103606822,3.0
0.32908268639591765,0.7025187825211172,3.0
-0.1680056174291375,0.7583905810675479,3.0
0.3693560723206825,0.6844810906407693,3.0
-0.29288881764892727,0.7216041343925209,3.0
-0.504231245195069,0.594817078035283,3.0
-0.48618923092387806,0.6109326144267414,3.0
0.7641706374579399,0.16500300352727923,3.0
0.07086055900752002,0.7795688976596611,3.0
-0.09291565122236017,0.7782568351645553,3.0
-0.34264726081968405,0.7060311700502099,3.0
0.015134447877063023,0.7856400254763254,3.0
0.5977091471801151,0.5116416941957489,3.0
-0.13079607038374091,0.7768539029700167,3.0
-0.5174047516158241,0.5953822942649972,3.0
0.06398509405501736,0.7871936355147766,3.0
0.7814684961466822,0.12106636332923795,3.0
0.6727881337135653,0.4174809800255265,3.0
0.10462524044005324,0.7858587477193705,3.0
-0.1989106506969453,0.768468047549709,3.0
-0.04293144088867499,0.7936344607034916,3.0
-0.0808436780031607,0.7916787532409753,3.0
0.26666906625353404,0.7508480169042895,3.0
-0.2905729024787272,0.7429998078842982,3.0
0.09325880142902329,0.7933361941311047,3.0
-0.5292506760059318,0.5996444293971753,3.0
0.7904702214888287,0.12821369467652782,3.0
0.31145094871913664,0.7388399257718586,3.0
0.5670303023697421,0.5683035952574246,3.0
0.23014667179416984,0.7701513256961456,3.0
0.46863220711333786,0.6542894071379893,3.0
0.42920047083351254,0.681989701173438,3.0
-0.40521180742898527,0.6976679830907615,3.0
0.17196228504628291,0.7892923583038904,3.0
0.6601849369401035,0.46725532446844936,3.0
0.2474744968552349,0.7710695827682795,3.0
0.3797205821980277,0.7163982484504519,3.0
0.024693806376052063,0.8114361550509311,3.0
0.3937419495988508,0.7110780166752259,3.0
0.7841459246590631,0.21773399457771356,3.0
0.45648635257872233,0.6749395471826164,3.0
0.6240326097088734,0.52548905540949,3.0
0.5040456716015558,0.6427500860945052,3.0
0.5153002282687806,0.6350524843557735,3.0
0.1531608439567945,0.8043668403970219,3.0
0.1310257213398697,0.8092816551218547,3.0
0.3366933160428472,0.7485882919369214,3.0
-0.4351368431203073,0.6971707356034327,3.0
0.6144405110535655,0.5472661657131307,3.0
0.6314572409189875,0.5291006006334583,3.0
-0.46146073411607486,0.6836592590730824,3.0
0.12337329139411307,0.8165582193398646,3.0
0.7234281969464942,0.40036763783211043,3.0
0.15289860873661856,0.8135852309208582,3.0
0.35607029119604844,0.7484458398744221,3.0
0.31434960674504714,0.7679855931035675,3.0
0.3803708747925431,0.7386459686944783,3.0
0.830281598254093,0.050760851542599,3.0
0.6558656505953137,0.5132745618219817,3.0
0.6613721260801234,0.5078048574898499,3.0
0.7956262702265977,0.2528399485425885,3.0
0.726874455321743,0.41264399991773765,3.0
0.8185615667390582,0.1739334727554794,3.0
0.6352555165487698,0.5462807622524692,3.0
0.025858555457785662,0.8384401783395927,3.0
0.7807270642779109,0.3095096245453482,3.0
0.7011786636309189,0.4640709011505581,3.0
0.841461925576603,-0.025288623540637642,3.0
0.7683677375891121,0.3464030565159529,3.0
-0.21954663127889915,0.8147832285259929,3.0
-0.1282591537201141,0.8350523344964135,3.0
-0.5343641131717501,0.6556753689813607,3.0
0.3446908808595986,0.7735229658301561,3.0
0.6695913641908867,0.5200897788855445,3.0
0.24678734047551792,0.8121824775092336,3.0
-0.26305943216965105,0.8081116893328502,3.0
0.008704653303805508,0.8508063230867983,3.0
0.39862436034166654,0.7528281323420549,3.0
0.7937804593761522,-0.31188230301162434,3.0
0.7310665015640911,0.4411441646807981,3.0
0.661628671107525,0.5413172123971354,3.0
0.6576364221063331,0.5477258276929622,3.0
0.5246421010417365,0.6774616881840068,3.0
0.577999118087145,0.633906242104426,3.0
0.7395272752394708,0.43673555913988177,3.0
0.5778439931992669,0.6367537185770832,3.0
0.10448294165753598,0.8544967739346302,3.0
0.25884777577348234,0.8220728057228971,3.0
0.6675021892279903,0.5467843701896901,3.0
0.8172336043708481,0.2799821622475908,3.0
0.7177251913010844,0.48255754501359,3.0
0.8643976281759936,-0.05040275860865577,3.0
0.8527585532791827,0.15575947701752704,3.0
0.8676285222080872,-0.020380959951134543,3.0
0.8681714420833141,-0.034806011556142935,3.0
0.841461840075858,-0.22048936981989772,3.0
0.7973957056744122,0.35010878638416837,3.0
0.20258240429488142,0.8480099825069674,3.0
0.8723542063576246,0.030086389738572625,3.0
0.6932937455427947,0.531976813245252,3.0
0.6426722140181731,0.5936147505043212,3.0
0.6281368372389681,0.61041188032734,3.0
0.7225021513178708,0.49689405162709893,3.0
0.8509457546161499,-0.21577972835305306,3.0
0.875496569096687,0.07703143020433169,3.0
0.435265801262805,0.7646778964168378,3.0
0.49254427898895514,0.7303090164695538,3.0
0.40186884202231765,0.7849949601132297,3.0
0.4325578975376097,0.7696595677086285,3.0
0.5584115504543007,0.6851476195017269,3.0
0.562526095400022,0.6830707514538603,3.0
0.8290792440209728,-0.31212402974688297,3.0
0.8845747018482368,-0.06399958579566493,3.0
0.04672903473936781,0.8866573739446041,3.0
0.7637842331366075,0.45470551129500036,3.0
0.8849253789558793,0.09386740546128737,3.0
0.6046670959335891,0.6542662168930969,3.0
0.8882280945500416,0.08075889347001035,3.0
0.6684246926852161,0.5920018145135312,3.0
0.8910341596559037,-0.07144522284299647,3.0
0.8838525719829626,0.140148149855954,3.0
0.8840704164714204,-0.14508257994383483,3.0
0.8792293845365962,0.17714325567370912,3.0
0.8977930962226777,0.013718287953008864,3.0
0.782055528822028,0.44317985094152357,3.0
0.8116084855754789,0.38873062135845127,3.0
0.7865267167722275,-0.43931555520781995,3.0
0.8633680111930857,-0.26081165216064206,3.0
0.7087787067866089,0.5593446137010628,3.0
0.787676851410787,-0.44340438117401,3.0
0.8268203492273347,0.36772407729783385,3.0
0.7618758537458081,-0.49011293987640847,3.0
0.6340299765323543,-0.6484490162332236,3.0
0.9053813586176704,0.06768577922529397,3.0
0.7175502429676796,-0.557886237068999,3.0
0.7141306620722584,0.5638736043126139,3.0
0.8964231337780489,0.1618154901240531,3.0
0.7359328788990477,0.5385036052267413,3.0
0.8894316401210494,-0.20572152078652303,3.0
0.8825639206349973,0.2373174414973133,3.0
0.8566502857322628,0.3212780563446538,3.0
0.9065773861143532,-0.1304584532108132,3.0
0.7014016073016451,0.5905695706714774,3.0
0.8378328871317215,0.3749791424536695,3.0
0.9158094722150919,0.07553138518675102,3.0
0.8686534736884538,0.3028098441505074,3.0
0.9098517834410058,0.14235545215782291,3.0
0.8493037744256621,-0.3586406681715481,3.0
0.8755548968962646,0.29187384976657754,3.0
0.8149541457869001,0.4352989288566245,3.0
0.8903740434601433,0.25043997180924027,3.0
0.8788909240933521,0.2913581367460276,3.0
0.9008722281878194,-0.2182263878226228,3.0
0.5802666152537472,0.7241138685666622,3.0
0.9088648404156959,-0.1920251464188962,3.0
0.9250554243352553,-0.09509014926586828,3.0
0.9077240468721297,-0.2065658560701967,3.0
0.8565100510941507,-0.3672705516769325,3.0
0.7690137295072089,-0.5281872217123939,3.0
0.9083906163069914,0.21693105162405463,3.0
0.5914150077178161,0.7241074652342198,3.0
0.7495836884135088,0.5604465810768019,3.0
0.7937021928679227,-0.49788317187209746,3.0
0.5898098044551146,-0.7292818179496116,3.0
0.8745991234350465,0.3415885014786489,3.0
0.7323148258430542,0.5892385650521824,3.0
0.7235282663216557,-0.6015618855715533,3.0
0.5043113097830675,-0.7955656634208415,3.0
0.48572121959755904,-0.8082179721328634,3.0
0.8441925237133971,0.4223377229361036,3.0
0.9263160782652883,-0.1867069150412519,3.0
0.9459219429882436,-0.006738725763559633,3.0
0.8767440860357455,0.3578104637003917,3.0
0.6914606568698195,-0.6484500536046575,3.0
0.9476079035841886,0.050431823049479976,3.0
0.9415431375759888,0.1261008623819642,3.0
0.7934033075544396,-0.5242317261251871,3.0
0.8779140576250506,-0.36807529970027975,3.0
0.7623235755969242,0.571823483804988,3.0
0.8416418305365856,-0.4490736858861893,3.0
0.9505297096520168,0.09182721307909035,3.0
0.8952132424082063,-0.335328257599403,3.0
0.9513920645636249,-0.10305220499185135,3.0
0.9516118681161386,-0.11008315800109222,3.0
0.6079604727532107,-0.7416106448382082,3.0
0.9516932241438335,0.1257105080931706,3.0
0.7862252425663837,0.5525358236734017,3.0
0.8800253483334122,-0.3884922168491457,3.0
0.9518740486164752,-0.14571706697874798,3.0
0.9615651846653411,0.0679626328258903,3.0
0.8246652875096568,-0.5010833734883359,3.0
0.6301800856805176,-0.7320951488817947,3.0
0.1474656397943075,-0.9556563191259455,3.0
0.8626360868452362,-0.43911384478785803,3.0
0.7499152419917062,-0.6136187681723135,3.0
0.5834858094227606,-0.7748458252102868,3.0
0.9582559859282925,-0.15662085397834538,3.0
0.8049320423835694,-0.5448063155317672,3.0
0.549078470352427,-0.8032367269561972,3.0
0.6506652454741986,-0.7247482599569703,3.0
0.8617132865718002,-0.4560991269154979,3.0
0.7826843452046249,-0.5830388678757757,3.0
0.26400915066830266,-0.940629141535852,3.0
0.8997956767423225,-0.3831561894654972,3.0
0.4742842209942908,-0.8564194760738238,3.0
0.9796580446968655,0.02511725745929062,3.0
0.9586262315076625,-0.20822928063033128,3.0
0.6895683517590447,-0.6991309614010639,3.0
0.9345018778388698,-0.3048963514864506,3.0
0.8500410692036143,-0.49563561353495333,3.0
0.9822264658850838,-0.0736653945945411,3.0
0.962086036814669,0.2157749344270559,3.0
0.4964522951403057,-0.8530406972305444,3.0
0.19445011873479823,-0.9686637268591074,3.0
0.9499869481672595,-0.2749982157275192,3.0
0.19346465730442072,-0.9709024702072107,3.0
0.7845490862629106,-0.605430322555237,3.0
0.48685483480206165,-0.8643034663855615,3.0
-0.2588642878947287,-0.9586575846390291,3.0
0.9115610206231741,-0.39633390692264714,3.0
0.6897767633543676,-0.7170934784262529,3.0
0.7486385979299863,-0.6569233393094511,3.0
0.9957409342044551,-0.05003003068826872,3.0
0.9979759586112613,-0.0066324989216812544,3.0
0.9842086640254499,0.17126676752435369,3.0
0.4618143593234178,-0.8869766048339163,3.0
